id,first_name,last_name,email,gender,ip_address
1,Emelina,Rose,erose0@cbsnews.com,Female,9.185.12.190
2,Marlowe,Fellis,mfellis1@woothemes.com,Male,19.203.254.134
3,Lisabeth,Cozins,lcozins2@bing.com,Female,212.221.206.161
4,Harmon,Diss,hdiss3@trellian.com,Male,134.24.203.43
5,Bernie,Daoust,bdaoust4@wisc.edu,Male,218.83.126.89
6,Hervey,Gerrill,hgerrill5@bloglines.com,Male,113.143.24.245
7,Cordell,Fakes,cfakes6@wisc.edu,Male,22.133.177.230
8,Vittorio,Crauford,vcrauford7@ebay.com,Male,194.118.119.68
9,Charlot,Petren,cpetren8@infoseek.co.jp,Female,3.127.104.203
10,Anna-diana,Dowdall,adowdall9@bing.com,Female,118.98.151.45
11,Sheilah,Pendrill,spendrilla@facebook.com,Female,46.90.211.46
12,Hebert,Eddins,heddinsb@domainmarket.com,Male,150.4.168.190
13,Onfroi,Romi,oromic@ezinearticles.com,Male,167.144.235.218
14,Berkie,Feehily,bfeehilyd@princeton.edu,Male,55.32.158.22
15,Rob,Plumbley,rplumbleye@gov.uk,Male,162.199.128.39
16,Oralie,Cruikshank,ocruikshankf@t.co,Female,73.226.183.250
17,Gregoire,Becraft,gbecraftg@nyu.edu,Male,240.127.143.214
18,Madalena,Membry,mmembryh@meetup.com,Female,91.114.74.95
19,Olav,Thundercliffe,othundercliffei@fema.gov,Polygender,84.104.193.232
20,Cello,Brech,cbrechj@economist.com,Male,189.156.27.153
21,Ofelia,Alentyev,oalentyevk@nyu.edu,Female,183.219.241.77
22,Caresa,Lubeck,clubeckl@blogs.com,Female,244.8.44.146
23,Shena,Coopland,scooplandm@china.com.cn,Female,219.124.81.250
24,Huey,Battleson,hbattlesonn@joomla.org,Male,59.109.133.254
25,Thorvald,Masser,tmassero@tamu.edu,Genderfluid,19.31.94.67
26,Robbie,Wykey,rwykeyp@networksolutions.com,Male,142.141.146.223
27,Ulrike,Phinnis,uphinnisq@stumbleupon.com,Female,118.126.156.7
28,Sari,Matthessen,smatthessenr@indiegogo.com,Bigender,164.132.127.201
29,Liza,Healings,lhealingss@feedburner.com,Female,90.159.209.227
30,Guido,Dine-Hart,gdinehartt@printfriendly.com,Male,232.115.75.195
31,Hyman,Barham,hbarhamu@ning.com,Male,42.234.221.199
32,Shel,Lorenz,slorenzv@zimbio.com,Female,87.26.140.37
33,Harley,Dirr,hdirrw@va.gov,Male,139.198.52.170
34,Burlie,Crossan,bcrossanx@wix.com,Male,225.224.85.88
35,Gawen,Heddy,gheddyy@miibeian.gov.cn,Male,223.56.197.59
36,Gertruda,Pic,gpicz@comcast.net,Female,133.153.228.239
37,Farleigh,Jedraszek,fjedraszek10@ycombinator.com,Male,16.140.196.251
38,Andriette,Hovert,ahovert11@howstuffworks.com,Female,121.134.183.121
39,Brantley,Langhor,blanghor12@vistaprint.com,Male,91.29.155.27
40,Maurizio,Legrice,mlegrice13@studiopress.com,Male,230.173.195.240
41,Eldin,Ortler,eortler14@gov.uk,Male,155.160.17.35
42,Annabel,Fanshawe,afanshawe15@sogou.com,Female,138.107.242.254
43,Thorndike,Brydie,tbrydie16@seesaa.net,Male,33.70.242.70
44,Morgen,Akram,makram17@ucla.edu,Male,48.60.39.213
45,Silvain,Aspinall,saspinall18@cargocollective.com,Male,245.53.95.137
46,Orelie,Liversage,oliversage19@issuu.com,Female,107.1.48.150
47,Tracy,Falkner,tfalkner1a@ning.com,Male,112.76.22.184
48,Ave,Mardling,amardling1b@shop-pro.jp,Male,1.250.57.109
49,Lavena,Shaxby,lshaxby1c@accuweather.com,Female,32.51.129.192
50,Nelia,Kitto,nkitto1d@whitehouse.gov,Female,149.142.62.52
51,Quintilla,Snelman,qsnelman1e@cbc.ca,Female,185.131.120.34
52,Maudie,Bernhardsson,mbernhardsson1f@hc360.com,Female,49.104.59.215
53,Ailsun,Wishart,awishart1g@cnet.com,Female,250.218.218.149
54,Brien,Tewelson,btewelson1h@cnn.com,Male,181.52.82.30
55,Boyd,McGowran,bmcgowran1i@google.nl,Male,80.149.193.103
56,Roselia,Rickert,rrickert1j@youtu.be,Female,250.122.151.14
57,Elisabet,Flint,eflint1k@slate.com,Female,129.219.219.23
58,Dewie,Andreolli,dandreolli1l@smugmug.com,Male,101.153.107.65
59,Scot,Morehall,smorehall1m@ocn.ne.jp,Male,58.131.187.67
60,Hannah,Joron,hjoron1n@tinypic.com,Female,55.92.67.223
61,Mathew,Dulany,mdulany1o@berkeley.edu,Male,183.177.82.141
62,Morgun,Reimer,mreimer1p@vk.com,Male,111.70.144.90
63,Stinky,Janks,sjanks1q@nhs.uk,Male,193.254.64.46
64,Jessie,Kivell,jkivell1r@addthis.com,Female,251.48.119.139
65,Kenny,Burchett,kburchett1s@yahoo.com,Male,239.14.84.48
66,Kerby,Orrah,korrah1t@ycombinator.com,Male,1.171.165.135
67,Mark,Lipgens,mlipgens1u@squidoo.com,Male,141.219.8.174
68,Roderigo,Colkett,rcolkett1v@nationalgeographic.com,Male,75.96.0.158
69,Etan,Langforth,elangforth1w@friendfeed.com,Male,92.250.190.80
70,Leandra,d'Arcy,ldarcy1x@abc.net.au,Female,202.24.94.106
71,Zita,Kummerlowe,zkummerlowe1y@creativecommons.org,Female,63.84.81.105
72,Drucill,Dalglish,ddalglish1z@phpbb.com,Female,52.78.87.174
73,Jayson,Windross,jwindross20@npr.org,Male,30.223.15.3
74,Iorgos,Fritter,ifritter21@51.la,Male,238.182.146.126
75,Kristin,Archambault,karchambault22@mediafire.com,Female,19.71.161.70
76,Graehme,Screech,gscreech23@com.com,Male,253.244.223.139
77,Zonda,Tummond,ztummond24@gmpg.org,Female,201.50.168.243
78,Batsheva,Wint,bwint25@pbs.org,Non-binary,105.222.192.18
79,Christin,Sizzey,csizzey26@cbc.ca,Female,238.25.159.81
80,Sapphira,Strickett,sstrickett27@freewebs.com,Female,132.92.177.3
81,Clerkclaude,Mackleden,cmackleden28@psu.edu,Male,245.7.190.183
82,Roanne,Locks,rlocks29@goo.ne.jp,Female,41.188.22.198
83,Urson,De Domenico,udedomenico2a@istockphoto.com,Male,0.188.101.50
84,Jo,Thoday,jthoday2b@about.me,Female,25.186.181.109
85,Babette,Furness,bfurness2c@de.vu,Female,237.112.134.161
86,Izabel,O'Grogane,iogrogane2d@flickr.com,Female,144.220.192.191
87,Editha,Dikels,edikels2e@meetup.com,Non-binary,1.28.161.152
88,Louisa,Balham,lbalham2f@google.co.uk,Agender,208.92.59.77
89,Zachary,Massy,zmassy2g@nbcnews.com,Male,211.94.208.46
90,Cilka,Crackett,ccrackett2h@discovery.com,Female,193.31.51.102
91,Garrard,Dixie,gdixie2i@intel.com,Male,238.137.19.213
92,Zsazsa,Shipton,zshipton2j@ftc.gov,Female,240.109.173.196
93,Madlin,Eddisforth,meddisforth2k@comcast.net,Female,87.162.111.84
94,Even,Briereton,ebriereton2l@elpais.com,Male,169.130.247.67
95,Germain,Fouracre,gfouracre2m@diigo.com,Male,118.218.216.200
96,Prudence,Fitzroy,pfitzroy2n@naver.com,Polygender,159.18.226.168
97,Keary,Seakin,kseakin2o@craigslist.org,Polygender,159.242.174.230
98,Aundrea,Eixenberger,aeixenberger2p@washington.edu,Female,109.227.70.9
99,Dunstan,Perigeaux,dperigeaux2q@wikia.com,Male,99.28.57.69
100,Sullivan,Borrill,sborrill2r@surveymonkey.com,Male,195.70.38.119
101,Tiphany,Shuard,tshuard2s@a8.net,Female,78.32.37.112
102,Giff,Landes,glandes2t@tinypic.com,Male,41.242.126.25
103,Rollie,Greest,rgreest2u@cnn.com,Male,145.0.233.2
104,Saunderson,Scotchford,sscotchford2v@eepurl.com,Male,175.68.130.190
105,Dosi,Kippling,dkippling2w@reddit.com,Female,107.15.67.211
106,Una,Bosomworth,ubosomworth2x@mac.com,Female,254.68.200.255
107,Freida,Stuckey,fstuckey2y@meetup.com,Female,251.228.35.34
108,Hans,Dafydd,hdafydd2z@latimes.com,Male,119.17.129.63
109,Henry,Fletcher,hfletcher30@google.fr,Male,45.241.14.183
110,Geri,Vaughan,gvaughan31@wired.com,Male,197.31.65.108
111,Sigismond,Dell'Abbate,sdellabbate32@1und1.de,Male,182.230.125.3
112,Beltran,Martinelli,bmartinelli33@globo.com,Male,187.236.2.72
113,Lovell,Byford,lbyford34@fastcompany.com,Male,201.139.220.20
114,Fairleigh,Coupe,fcoupe35@posterous.com,Male,191.165.228.62
115,Earlie,Marcinkus,emarcinkus36@vimeo.com,Male,151.20.57.243
116,Hube,Tesyro,htesyro37@nhs.uk,Male,82.161.201.7
117,Myrwyn,Bosward,mbosward38@utexas.edu,Male,216.227.146.79
118,Cassondra,Oganesian,coganesian39@kickstarter.com,Female,170.37.98.220
119,Royal,Royden,rroyden3a@trellian.com,Male,6.47.77.238
120,Nowell,Witherby,nwitherby3b@epa.gov,Male,233.197.197.56
121,Abdel,Tilte,atilte3c@dmoz.org,Male,62.50.188.165
122,Barbi,Hendrikse,bhendrikse3d@theatlantic.com,Female,241.246.13.207
123,Roger,Pilkinton,rpilkinton3e@bluehost.com,Male,7.151.3.19
124,Maxie,Alderwick,malderwick3f@loc.gov,Male,139.55.215.232
125,Tessa,Clubley,tclubley3g@facebook.com,Female,145.94.62.21
126,Anastasie,Juliano,ajuliano3h@histats.com,Genderqueer,80.186.20.128
127,Sanson,Sangra,ssangra3i@moonfruit.com,Male,192.23.158.61
128,Aldis,Piddocke,apiddocke3j@sciencedirect.com,Male,250.20.232.126
129,Binni,Cordel,bcordel3k@imageshack.us,Female,246.63.177.25
130,Guthrie,Eddowes,geddowes3l@answers.com,Male,170.52.141.200
131,Westley,Trengrouse,wtrengrouse3m@dyndns.org,Non-binary,151.54.176.178
132,Consuela,Pritchett,cpritchett3n@jiathis.com,Female,152.48.198.216
133,Boone,Grimestone,bgrimestone3o@webeden.co.uk,Male,254.95.36.25
134,Nicky,Merrington,nmerrington3p@merriam-webster.com,Male,31.139.160.150
135,Abbott,Punchard,apunchard3q@e-recht24.de,Male,216.118.64.197
136,Yalonda,Matessian,ymatessian3r@hugedomains.com,Female,116.4.163.102
137,Revkah,Gossage,rgossage3s@unicef.org,Female,75.87.171.21
138,Carmencita,George,cgeorge3t@twitter.com,Female,27.19.113.240
139,Cointon,Byart,cbyart3u@pcworld.com,Male,161.79.6.20
140,Celestyna,Darke,cdarke3v@state.gov,Female,225.172.76.20
141,Sybilla,Cumpton,scumpton3w@ucsd.edu,Female,68.176.200.65
142,Nial,Uccelli,nuccelli3x@ox.ac.uk,Male,113.22.30.174
143,Wally,Chessum,wchessum3y@google.com.br,Bigender,173.115.239.56
144,Galvan,Schultz,gschultz3z@paypal.com,Male,154.101.195.147
145,Megan,Oleszcuk,moleszcuk40@jugem.jp,Female,124.132.132.172
146,Lorry,Downgate,ldowngate41@jalbum.net,Female,66.141.189.135
147,Stormi,Click,sclick42@uiuc.edu,Female,178.96.0.171
148,Trey,Capini,tcapini43@e-recht24.de,Male,94.133.19.19
149,Shanan,Nichol,snichol44@jimdo.com,Male,156.204.143.131
150,Zena,Riggeard,zriggeard45@bravesites.com,Female,220.10.247.82
151,Jaquelin,Brailey,jbrailey46@ebay.com,Female,185.102.78.86
152,Giffy,Samsworth,gsamsworth47@photobucket.com,Male,196.108.97.47
153,Cathyleen,Morrowe,cmorrowe48@naver.com,Female,58.149.64.124
154,Manny,Lupson,mlupson49@gmpg.org,Male,45.229.59.95
155,Sigfried,Hambelton,shambelton4a@ebay.co.uk,Male,133.224.245.176
156,Ahmed,Churchman,achurchman4b@is.gd,Male,244.86.46.152
157,Olva,Sansam,osansam4c@digg.com,Female,50.112.92.212
158,Bryana,Adams,badams4d@dion.ne.jp,Female,38.80.89.140
159,Coral,Leyband,cleyband4e@latimes.com,Female,184.3.105.117
160,Virgilio,Gelderd,vgelderd4f@live.com,Male,242.220.3.242
161,Maxwell,Vanyatin,mvanyatin4g@fotki.com,Genderqueer,135.204.106.71
162,Brew,Sandeson,bsandeson4h@usgs.gov,Male,41.39.222.6
163,Hedi,Tailby,htailby4i@comcast.net,Female,77.78.217.53
164,Benyamin,Bampkin,bbampkin4j@purevolume.com,Male,232.60.38.100
165,Caroline,Warden,cwarden4k@flickr.com,Female,25.94.74.4
166,Lyn,Fulk,lfulk4l@nba.com,Male,118.89.62.187
167,Randall,Pirdy,rpirdy4m@de.vu,Male,93.124.93.140
168,Casie,Kunz,ckunz4n@adobe.com,Female,251.83.247.252
169,Emerson,Geare,egeare4o@typepad.com,Male,177.107.134.165
170,Derk,Scholz,dscholz4p@microsoft.com,Male,238.20.84.24
171,Farrell,Myner,fmyner4q@mapquest.com,Male,196.253.174.53
172,Gui,McGrane,gmcgrane4r@huffingtonpost.com,Female,103.142.185.233
173,Fraser,Di Domenico,fdidomenico4s@reddit.com,Male,100.169.27.163
174,Stillmann,Ramos,sramos4t@bloglines.com,Polygender,66.243.171.82
175,Tye,Moulding,tmoulding4u@blogger.com,Male,164.176.213.96
176,Richardo,Peddel,rpeddel4v@webnode.com,Male,255.232.248.119
177,Livvie,Keemar,lkeemar4w@goo.ne.jp,Female,147.87.206.97
178,Renaud,Sclater,rsclater4x@unesco.org,Male,62.163.76.146
179,Bren,Begin,bbegin4y@nps.gov,Male,22.50.242.209
180,Deeyn,Sommerscales,dsommerscales4z@tamu.edu,Female,155.48.68.231
181,Kali,Taggart,ktaggart50@bbb.org,Female,226.216.247.198
182,Tremayne,Lothlorien,tlothlorien51@hp.com,Male,232.204.223.8
183,Shanna,Beale,sbeale52@spotify.com,Female,161.216.12.133
184,Virginia,Russ,vruss53@domainmarket.com,Female,21.246.187.166
185,Lebbie,Stockley,lstockley54@answers.com,Female,122.110.245.124
186,Winthrop,Beecraft,wbeecraft55@odnoklassniki.ru,Male,209.175.145.175
187,Guinna,Fantin,gfantin56@thetimes.co.uk,Female,156.32.61.54
188,Delinda,Batterbee,dbatterbee57@utexas.edu,Female,187.20.185.147
189,Fabian,Lyptratt,flyptratt58@seesaa.net,Male,12.196.132.30
190,Melodee,Hendrik,mhendrik59@drupal.org,Female,236.203.235.31
191,Hyacinthie,Tipton,htipton5a@upenn.edu,Female,65.218.182.19
192,Stacee,Jakeway,sjakeway5b@webmd.com,Male,219.109.66.168
193,Datha,Parmer,dparmer5c@mayoclinic.com,Female,233.57.199.48
194,Bellina,Pecha,bpecha5d@oaic.gov.au,Female,95.205.49.133
195,Emilia,Boseley,eboseley5e@odnoklassniki.ru,Female,163.205.188.38
196,Kingsley,Rosenshine,krosenshine5f@hostgator.com,Male,25.79.103.0
197,Sigfrid,Clackers,sclackers5g@myspace.com,Male,79.228.168.227
198,Ardis,Fredi,afredi5h@nps.gov,Female,21.235.206.136
199,Walt,Brouwer,wbrouwer5i@ucoz.ru,Male,5.166.41.94
200,Stefania,McCloud,smccloud5j@domainmarket.com,Female,237.242.204.153
201,Brand,Targetter,btargetter5k@nature.com,Male,57.218.1.143
202,Ryun,Courtese,rcourtese5l@comsenz.com,Male,97.151.64.253
203,Benedetto,Carletto,bcarletto5m@bluehost.com,Male,198.64.60.252
204,Mallory,Swiffin,mswiffin5n@odnoklassniki.ru,Male,212.8.154.111
205,Onfre,Houston,ohouston5o@utexas.edu,Male,120.131.125.78
206,Helyn,Rignold,hrignold5p@nhs.uk,Female,108.110.223.178
207,Durand,Aslie,daslie5q@comsenz.com,Male,66.220.209.59
208,Zaccaria,Belk,zbelk5r@tripod.com,Male,94.144.19.234
209,Laurella,Mazzei,lmazzei5s@unc.edu,Female,109.253.138.12
210,Alta,Hakonsen,ahakonsen5t@hud.gov,Female,111.151.82.177
211,Conway,Barca,cbarca5u@com.com,Genderfluid,38.72.219.5
212,Cece,Maccraw,cmaccraw5v@squarespace.com,Male,52.132.173.172
213,Judd,Applin,japplin5w@uol.com.br,Male,62.88.233.54
214,Silva,Lodwick,slodwick5x@mtv.com,Female,125.55.89.245
215,Jimmy,Patridge,jpatridge5y@twitpic.com,Male,164.142.156.219
216,Wallis,Cripwell,wcripwell5z@typepad.com,Female,179.238.141.149
217,Urbano,Allchin,uallchin60@imageshack.us,Male,235.232.2.181
218,Isabelita,Coundley,icoundley61@jimdo.com,Female,112.224.86.90
219,Merrel,Bastistini,mbastistini62@wisc.edu,Male,122.195.204.253
220,Camala,Spolton,cspolton63@ihg.com,Female,194.121.30.156
221,Yasmeen,Prisk,yprisk64@unicef.org,Female,23.188.2.189
222,Jackie,Bertrand,jbertrand65@tuttocitta.it,Female,44.57.224.190
223,Waldon,Richings,wrichings66@webs.com,Male,24.136.119.161
224,Wesley,Barmadier,wbarmadier67@walmart.com,Male,11.203.38.217
225,Lorette,Quincey,lquincey68@desdev.cn,Female,137.164.104.68
226,Jeannine,Ingry,jingry69@pcworld.com,Female,160.88.80.117
227,Emylee,Pennycook,epennycook6a@simplemachines.org,Female,79.205.100.100
228,Sandra,Skillington,sskillington6b@nbcnews.com,Female,121.126.113.132
229,Rhetta,Battle,rbattle6c@answers.com,Female,132.140.145.35
230,Ivar,Helversen,ihelversen6d@360.cn,Male,99.237.215.234
231,Cris,Pittman,cpittman6e@addthis.com,Female,146.12.189.30
232,Malina,Jacquet,mjacquet6f@noaa.gov,Female,191.16.153.206
233,Parry,Kleiser,pkleiser6g@wired.com,Male,77.46.133.171
234,Boycey,Schach,bschach6h@tamu.edu,Male,70.78.217.50
235,Candi,Kigelman,ckigelman6i@mapquest.com,Female,20.197.134.197
236,Flo,Kirke,fkirke6j@addtoany.com,Female,177.82.196.164
237,Jeno,Blencoe,jblencoe6k@skype.com,Male,15.202.56.59
238,Marlo,Liddon,mliddon6l@umn.edu,Female,111.180.91.121
239,Andrew,Goroni,agoroni6m@cocolog-nifty.com,Male,220.221.107.207
240,Barbabra,Sommers,bsommers6n@blog.com,Female,21.11.112.94
241,Pearle,Faughny,pfaughny6o@creativecommons.org,Female,97.26.52.80
242,Mel,Escalero,mescalero6p@samsung.com,Non-binary,63.8.62.251
243,Lucinda,Priest,lpriest6q@instagram.com,Female,140.251.117.50
244,Chan,Murray,cmurray6r@about.me,Bigender,130.56.227.206
245,Rosalind,Mougel,rmougel6s@t.co,Female,225.236.59.155
246,Pepi,Berrow,pberrow6t@com.com,Female,89.177.245.139
247,Ody,Williams,owilliams6u@fema.gov,Male,213.26.16.21
248,Gonzales,Ramel,gramel6v@nbcnews.com,Male,214.16.100.99
249,Kasper,Burgett,kburgett6w@meetup.com,Male,129.116.117.114
250,Theodosia,Earwaker,tearwaker6x@redcross.org,Female,254.154.15.188
251,Hirsch,Clemensen,hclemensen6y@sakura.ne.jp,Male,191.186.21.178
252,Damara,Crambie,dcrambie6z@irs.gov,Female,142.34.13.238
253,Aggy,de Werk,adewerk70@howstuffworks.com,Female,32.47.97.149
254,Anne,Dalli,adalli71@home.pl,Female,208.218.199.210
255,Jabez,Patroni,jpatroni72@istockphoto.com,Male,74.225.73.36
256,Aguie,Weatherup,aweatherup73@cafepress.com,Male,153.36.32.197
257,Deirdre,Rushmer,drushmer74@virginia.edu,Female,38.195.34.98
258,Lissie,Shouler,lshouler75@digg.com,Female,33.139.118.233
259,Carlynn,Danniel,cdanniel76@phpbb.com,Non-binary,217.243.3.238
260,Aksel,Wheaton,awheaton77@cocolog-nifty.com,Agender,112.71.158.220
261,Stacee,Gerred,sgerred78@elegantthemes.com,Female,10.85.146.144
262,Artus,Ceillier,aceillier79@mail.ru,Male,209.145.123.191
263,Malina,Ezzell,mezzell7a@prlog.org,Female,83.248.112.237
264,Bond,Ebenezer,bebenezer7b@printfriendly.com,Male,237.147.233.155
265,Frasier,Barsham,fbarsham7c@edublogs.org,Male,149.185.46.14
266,Hillie,Ingre,hingre7d@pagesperso-orange.fr,Male,25.188.112.67
267,Aylmer,Darville,adarville7e@multiply.com,Male,221.26.150.119
268,Bentley,Iron,biron7f@tiny.cc,Male,206.122.248.188
269,Husain,Leabeater,hleabeater7g@edublogs.org,Male,54.202.110.245
270,Antone,Bilbery,abilbery7h@gnu.org,Male,63.147.115.105
271,Ivar,Marusyak,imarusyak7i@simplemachines.org,Male,59.46.55.30
272,Kim,Ahrenius,kahrenius7j@nytimes.com,Female,153.126.35.103
273,Moira,Montgomery,mmontgomery7k@senate.gov,Female,1.79.122.174
274,Honor,Gueste,hgueste7l@lycos.com,Female,182.249.18.30
275,Helga,MacNulty,hmacnulty7m@virginia.edu,Female,60.238.179.156
276,Linell,Baldin,lbaldin7n@blog.com,Female,25.69.17.66
277,Barthel,Lage,blage7o@theglobeandmail.com,Male,7.113.118.48
278,Janey,Daley,jdaley7p@purevolume.com,Female,87.118.6.123
279,Oliver,Allsupp,oallsupp7q@boston.com,Male,130.235.25.237
280,Alfons,Sulman,asulman7r@reddit.com,Male,21.255.27.91
281,Thain,Brok,tbrok7s@narod.ru,Male,229.225.58.174
282,Yvor,Lettley,ylettley7t@lulu.com,Male,41.78.78.196
283,Karim,Crutchley,kcrutchley7u@geocities.jp,Male,28.168.200.116
284,Vergil,Freeberne,vfreeberne7v@vinaora.com,Male,152.42.97.113
285,Amble,Fairbard,afairbard7w@newsvine.com,Male,171.140.183.165
286,Leoine,Rist,lrist7x@biblegateway.com,Female,25.109.65.47
287,Reggie,McGinty,rmcginty7y@quantcast.com,Non-binary,34.48.168.76
288,Lexine,Marc,lmarc7z@github.io,Female,221.18.96.237
289,Hartwell,Kilcoyne,hkilcoyne80@intel.com,Male,28.24.45.134
290,Carolann,Tarbin,ctarbin81@cbslocal.com,Female,56.238.58.197
291,Lauralee,Folbig,lfolbig82@smh.com.au,Female,28.18.202.254
292,Gizela,Jaggi,gjaggi83@homestead.com,Female,68.169.176.227
293,Cecelia,Brugmann,cbrugmann84@bloomberg.com,Female,140.64.82.143
294,Iris,Treadgear,itreadgear85@mtv.com,Female,154.80.208.136
295,Kevina,Padson,kpadson86@cloudflare.com,Polygender,195.111.40.187
296,Rhianon,Hallmark,rhallmark87@home.pl,Female,99.195.19.240
297,Marc,Finnemore,mfinnemore88@zdnet.com,Male,178.219.82.45
298,Mikel,Aldersley,maldersley89@meetup.com,Male,106.91.245.96
299,Nicolais,Cupitt,ncupitt8a@marketwatch.com,Male,212.254.200.221
300,Paulina,Nanelli,pnanelli8b@timesonline.co.uk,Female,123.248.6.47
301,Rand,Barrabeale,rbarrabeale8c@shutterfly.com,Non-binary,128.0.15.210
302,Bertrando,Terrans,bterrans8d@netlog.com,Male,127.245.213.157
303,Ines,Readwin,ireadwin8e@4shared.com,Female,77.200.194.129
304,Ronnica,Mardall,rmardall8f@nasa.gov,Female,172.144.136.156
305,Parker,Moylane,pmoylane8g@moonfruit.com,Male,142.159.220.213
306,Christiane,Noke,cnoke8h@csmonitor.com,Polygender,238.194.254.221
307,Florenza,Pattlel,fpattlel8i@mayoclinic.com,Female,218.152.44.99
308,Donny,Sylvaine,dsylvaine8j@soup.io,Female,104.246.27.16
309,Else,Grestie,egrestie8k@cam.ac.uk,Polygender,103.66.7.159
310,Lona,Kordes,lkordes8l@accuweather.com,Female,189.55.52.150
311,Heinrick,Littlewood,hlittlewood8m@vimeo.com,Male,1.224.146.2
312,Leone,Uphill,luphill8n@archive.org,Female,47.58.164.175
313,Deedee,Losel,dlosel8o@state.gov,Female,115.143.139.241
314,Shadow,Ballance,sballance8p@wufoo.com,Male,51.134.94.69
315,Nonah,Couth,ncouth8q@flavors.me,Bigender,145.27.36.208
316,Frieda,Dowall,fdowall8r@jugem.jp,Female,48.13.192.102
317,Dyana,Youle,dyoule8s@twitter.com,Female,217.24.188.90
318,Smith,Huddles,shuddles8t@japanpost.jp,Male,66.112.84.220
319,Josey,Caffrey,jcaffrey8u@msu.edu,Female,41.50.65.68
320,Mylo,Howle,mhowle8v@elpais.com,Male,20.39.99.234
321,Celine,Andersen,candersen8w@naver.com,Female,156.46.66.243
322,Bentley,Lippingwell,blippingwell8x@adobe.com,Male,223.157.96.12
323,Chelsie,Tuxill,ctuxill8y@noaa.gov,Female,130.195.107.77
324,Jeniffer,Adamowitz,jadamowitz8z@blog.com,Female,114.34.178.50
325,Tildy,Bice,tbice90@hostgator.com,Female,74.48.180.194
326,Corie,Alldre,calldre91@google.co.jp,Female,43.196.160.100
327,Cross,Langshaw,clangshaw92@hugedomains.com,Male,203.27.95.131
328,Yvor,Rumbelow,yrumbelow93@salon.com,Male,83.40.106.75
329,Russ,Amey,ramey94@google.com.br,Male,82.12.29.254
330,Roxana,Kyd,rkyd95@soup.io,Female,192.238.29.238
331,Cristabel,Walesby,cwalesby96@google.ru,Female,184.218.210.156
332,Leodora,Manton,lmanton97@hexun.com,Female,126.64.238.28
333,Travis,Rosenqvist,trosenqvist98@drupal.org,Male,208.243.153.2
334,Estrellita,Arbuckel,earbuckel99@sourceforge.net,Female,235.197.190.161
335,Riccardo,Greenly,rgreenly9a@cyberchimps.com,Male,183.14.229.162
336,Jermain,Chasemore,jchasemore9b@nsw.gov.au,Male,220.87.109.248
337,Levin,Vettore,lvettore9c@squarespace.com,Male,101.119.211.11
338,Jeromy,Kubelka,jkubelka9d@wiley.com,Male,52.233.222.164
339,Sanderson,Simkovich,ssimkovich9e@cocolog-nifty.com,Male,253.122.238.118
340,Elfrida,Hercules,ehercules9f@forbes.com,Female,144.164.143.190
341,Liz,Gather,lgather9g@goodreads.com,Female,165.171.191.89
342,Gallard,Peret,gperet9h@google.com.br,Male,237.116.203.8
343,Aridatha,Yard,ayard9i@chron.com,Female,89.31.206.139
344,Kristi,Allabush,kallabush9j@vk.com,Polygender,171.88.100.115
345,Ardine,Hammond,ahammond9k@spotify.com,Female,12.197.115.249
346,Julie,Gatley,jgatley9l@desdev.cn,Male,241.187.247.72
347,Winnie,Odcroft,wodcroft9m@shinystat.com,Male,128.42.16.30
348,Franny,August,faugust9n@elegantthemes.com,Female,70.224.193.73
349,Francisco,Schettini,fschettini9o@microsoft.com,Polygender,252.114.138.122
350,Lancelot,Woolager,lwoolager9p@parallels.com,Male,173.25.134.101
351,Kameko,Kembery,kkembery9q@wordpress.org,Female,97.199.123.99
352,Lowrance,Gauchier,lgauchier9r@chronoengine.com,Male,98.151.251.155
353,Shelba,Casswell,scasswell9s@tiny.cc,Polygender,59.7.29.108
354,Michail,Avey,mavey9t@yahoo.co.jp,Male,25.236.152.2
355,Rey,Rosedale,rrosedale9u@sina.com.cn,Female,64.18.184.237
356,Sileas,Potts,spotts9v@vimeo.com,Female,169.19.59.48
357,Mychal,Bucher,mbucher9w@51.la,Male,129.170.159.212
358,Lem,Kollas,lkollas9x@ftc.gov,Male,103.100.250.73
359,Brander,Skerm,bskerm9y@xing.com,Male,164.18.36.105
360,Laney,Handaside,lhandaside9z@wikispaces.com,Male,54.78.33.121
361,Angelika,Goor,agoora0@tmall.com,Female,173.75.83.217
362,Merralee,Collopy,mcollopya1@rakuten.co.jp,Female,61.204.43.165
363,Emylee,Marple,emarplea2@aboutads.info,Female,152.121.198.36
364,Sean,Dixson,sdixsona3@huffingtonpost.com,Male,77.184.62.181
365,Alleyn,Solesbury,asolesburya4@trellian.com,Male,229.232.58.21
366,Lorry,Littlecote,llittlecotea5@cornell.edu,Male,234.17.235.208
367,Jobi,Burtenshaw,jburtenshawa6@wikimedia.org,Female,60.60.95.239
368,Ardys,Cowup,acowupa7@facebook.com,Non-binary,0.190.45.34
369,Ceciley,Caddick,ccaddicka8@digg.com,Female,157.189.181.72
370,Berenice,Winborn,bwinborna9@skype.com,Female,54.236.172.171
371,Juliette,Rasell,jrasellaa@msn.com,Female,4.43.179.160
372,Gerry,Pomphrett,gpomphrettab@home.pl,Female,194.181.244.30
373,Roda,Lattey,rlatteyac@mediafire.com,Female,240.7.122.155
374,Dayle,Greatreax,dgreatreaxad@lycos.com,Female,81.43.253.54
375,Crichton,Ryal,cryalae@cbc.ca,Male,183.206.42.248
376,Gwendolyn,Ferryman,gferrymanaf@mozilla.com,Genderfluid,156.149.106.82
377,Giacinta,Saltsberger,gsaltsbergerag@ameblo.jp,Female,41.3.3.36
378,Dennison,Grigorushkin,dgrigorushkinah@yellowpages.com,Male,107.68.168.247
379,Lilly,Sundin,lsundinai@nature.com,Female,241.184.236.53
380,Archibold,Leyborne,aleyborneaj@npr.org,Male,118.32.35.1
381,Kimmie,Cowherd,kcowherdak@sina.com.cn,Female,188.78.130.134
382,Carlos,Mulholland,cmulhollandal@dmoz.org,Male,127.211.80.209
383,Chicky,Kayne,ckayneam@tmall.com,Male,177.98.103.220
384,Lombard,Rosendall,lrosendallan@blog.com,Male,223.29.99.194
385,Ode,Doyle,odoyleao@cmu.edu,Male,203.181.238.23
386,Niles,Melledy,nmelledyap@webeden.co.uk,Male,124.19.56.106
387,Elonore,Kiddle,ekiddleaq@globo.com,Female,212.70.81.219
388,Laurena,Sargeant,lsargeantar@rakuten.co.jp,Agender,46.37.27.255
389,Kermit,Mumby,kmumbyas@microsoft.com,Male,25.44.23.5
390,Giovanna,Hair,ghairat@cornell.edu,Female,248.53.106.18
391,Maynord,Avrahamian,mavrahamianau@google.es,Male,106.87.95.125
392,Shalom,Linebarger,slinebargerav@sphinn.com,Male,74.193.62.189
393,Philippe,Milillo,pmililloaw@seattletimes.com,Female,7.247.20.105
394,Martyn,Gotobed,mgotobedax@a8.net,Male,200.28.150.71
395,Vickie,Prue,vprueay@a8.net,Female,245.234.121.242
396,Jeralee,Martensen,jmartensenaz@yale.edu,Female,184.119.185.193
397,Jdavie,Hayland,jhaylandb0@businessweek.com,Polygender,34.230.113.205
398,Mavra,Melody,mmelodyb1@gnu.org,Polygender,110.0.222.39
399,Hyacinthe,Kift,hkiftb2@histats.com,Female,192.206.216.65
400,Dave,Sexti,dsextib3@upenn.edu,Genderqueer,148.143.164.84
401,Gabriel,Giorgi,ggiorgib4@blogspot.com,Male,155.100.213.54
402,Gavin,Damsell,gdamsellb5@techcrunch.com,Male,41.74.200.146
403,Farrell,Sudlow,fsudlowb6@time.com,Genderqueer,111.20.14.121
404,Nanny,Thams,nthamsb7@abc.net.au,Female,61.54.251.45
405,Clari,Santus,csantusb8@theatlantic.com,Female,210.1.157.37
406,Anatol,Von Salzberg,avonsalzbergb9@fema.gov,Male,49.171.25.170
407,Nicki,Broom,nbroomba@icio.us,Female,142.160.86.2
408,Lockwood,Hoffner,lhoffnerbb@bing.com,Male,16.161.17.40
409,Karney,Townsend,ktownsendbc@shop-pro.jp,Male,170.131.154.224
410,Fallon,Curmi,fcurmibd@google.com.hk,Female,183.169.132.79
411,Humfrid,Leedes,hleedesbe@nymag.com,Male,152.109.60.76
412,Diena,Licari,dlicaribf@comsenz.com,Female,181.127.146.0
413,Conny,MacPike,cmacpikebg@theguardian.com,Polygender,70.133.17.105
414,Buiron,Mabb,bmabbbh@bizjournals.com,Male,48.130.252.139
415,Hanan,Antonietti,hantoniettibi@usnews.com,Male,239.22.203.210
416,Maible,Large,mlargebj@exblog.jp,Female,59.162.216.56
417,Garey,Fedoronko,gfedoronkobk@twitter.com,Male,8.216.128.77
418,Haven,Chaves,hchavesbl@facebook.com,Male,63.21.197.190
419,Filberte,Crunkhurn,fcrunkhurnbm@hhs.gov,Genderqueer,248.73.157.153
420,Alfreda,Haddacks,ahaddacksbn@thetimes.co.uk,Female,74.113.50.154
421,Geneva,Meegin,gmeeginbo@wikia.com,Female,227.165.218.76
422,Josiah,Flynn,jflynnbp@narod.ru,Male,107.82.49.132
423,Euphemia,Swyndley,eswyndleybq@foxnews.com,Female,92.238.245.128
424,Salomo,Clarkson,sclarksonbr@japanpost.jp,Male,99.13.129.193
425,Catlee,Scullin,cscullinbs@symantec.com,Female,32.219.137.86
426,Israel,Roos,iroosbt@addtoany.com,Male,3.138.223.156
427,Bennie,Jimpson,bjimpsonbu@latimes.com,Polygender,228.70.246.18
428,Ben,MacShane,bmacshanebv@toplist.cz,Male,84.148.93.54
429,Merrile,Cotsford,mcotsfordbw@goo.gl,Female,4.4.149.55
430,Shep,Bussey,sbusseybx@google.com.br,Male,122.231.175.202
431,Livvie,Haggath,lhaggathby@google.co.jp,Female,181.228.189.232
432,Syd,Marke,smarkebz@economist.com,Male,145.36.242.200
433,Valle,Quakley,vquakleyc0@auda.org.au,Male,178.110.251.136
434,Carmine,Baylay,cbaylayc1@abc.net.au,Genderqueer,147.182.7.200
435,Shirlee,Mordaunt,smordauntc2@upenn.edu,Female,177.225.150.237
436,Holly,Coye,hcoyec3@umn.edu,Male,10.171.155.208
437,Silvio,Iacomo,siacomoc4@epa.gov,Male,146.234.226.199
438,Jed,Birkby,jbirkbyc5@epa.gov,Male,184.55.129.145
439,Amye,Bernardini,abernardinic6@twitpic.com,Female,96.226.116.47
440,Alana,Surgenor,asurgenorc7@vistaprint.com,Female,7.217.154.244
441,Gavan,O'Loughlin,goloughlinc8@earthlink.net,Male,146.32.77.231
442,Urson,Constantine,uconstantinec9@furl.net,Male,142.235.68.30
443,Shepard,Pagen,spagenca@tamu.edu,Male,43.197.121.199
444,Sarene,Baptie,sbaptiecb@npr.org,Female,155.242.84.235
445,Dasha,Scotchford,dscotchfordcc@globo.com,Female,175.103.59.214
446,Petra,Robb,probbcd@theatlantic.com,Female,211.166.157.105
447,Tobe,Camacke,tcamackece@mac.com,Female,167.85.60.223
448,Freddie,Rau,fraucf@ed.gov,Male,111.106.222.133
449,Cecilius,Levensky,clevenskycg@xrea.com,Male,252.240.54.75
450,Ronnica,Worvill,rworvillch@sciencedaily.com,Female,106.151.144.121
451,Tammara,Brauninger,tbrauningerci@google.nl,Female,23.180.177.47
452,Hector,Powelee,hpoweleecj@a8.net,Male,152.131.156.231
453,Lurette,Graber,lgraberck@cisco.com,Female,132.172.109.49
454,Allison,Roskilly,aroskillycl@123-reg.co.uk,Female,45.224.13.167
455,Flora,Deners,fdenerscm@gizmodo.com,Female,178.82.198.37
456,Gram,Paolazzi,gpaolazzicn@flavors.me,Male,128.104.125.13
457,Abbe,Stigell,astigellco@seesaa.net,Male,206.223.178.138
458,Ethe,Spellsworth,espellsworthcp@webeden.co.uk,Male,98.72.174.33
459,Creight,Bredgeland,cbredgelandcq@mozilla.org,Male,103.168.24.39
460,Elvina,Leirmonth,eleirmonthcr@slate.com,Female,175.141.215.27
461,Hayley,Pilmore,hpilmorecs@nsw.gov.au,Non-binary,75.194.217.31
462,Brana,Legate,blegatect@discovery.com,Female,120.202.239.133
463,Marlowe,Mapstone,mmapstonecu@craigslist.org,Male,201.102.95.52
464,Francis,Cousens,fcousenscv@squarespace.com,Male,17.104.83.150
465,Frederik,Jeffry,fjeffrycw@google.fr,Male,213.232.138.170
466,Wolfy,Willerton,wwillertoncx@opensource.org,Bigender,84.211.230.222
467,Skyler,Durning,sdurningcy@un.org,Male,112.174.91.126
468,Doy,Kobsch,dkobschcz@hc360.com,Male,192.31.217.165
469,Lara,Sprey,lspreyd0@stumbleupon.com,Female,175.120.226.136
470,Erskine,Connochie,econnochied1@canalblog.com,Male,121.142.199.228
471,Flore,Seekings,fseekingsd2@myspace.com,Female,224.12.224.201
472,Eb,Kneeshaw,ekneeshawd3@ucoz.com,Male,86.42.77.217
473,Towny,Hollows,thollowsd4@topsy.com,Male,23.156.56.217
474,Amaleta,Helks,ahelksd5@narod.ru,Female,76.129.7.197
475,Adair,Delacoste,adelacosted6@si.edu,Male,73.68.53.212
476,Miranda,Goodredge,mgoodredged7@photobucket.com,Female,78.126.98.96
477,Leela,Leipnik,lleipnikd8@msn.com,Female,245.224.123.50
478,Paulina,Delgardillo,pdelgardillod9@telegraph.co.uk,Female,156.88.31.230
479,Leeland,Lambourne,llambourneda@squidoo.com,Male,187.43.191.9
480,Ros,Huzzey,rhuzzeydb@ebay.com,Female,73.77.9.32
481,Ingrid,Constantinou,iconstantinoudc@jimdo.com,Female,104.176.179.254
482,Trumaine,Skain,tskaindd@liveinternet.ru,Male,226.167.202.141
483,Stella,Garmston,sgarmstonde@wsj.com,Female,243.54.158.74
484,Merv,Bread,mbreaddf@yolasite.com,Male,243.36.85.145
485,Tarrance,Haslam,thaslamdg@apple.com,Male,132.83.124.25
486,Pauly,Veale,pvealedh@columbia.edu,Male,6.182.151.141
487,Thomasin,Spera,tsperadi@ebay.com,Female,226.51.97.82
488,Sid,Popworth,spopworthdj@businessweek.com,Male,238.87.175.240
489,Clemmy,Gillet,cgilletdk@house.gov,Female,83.17.47.94
490,Osmond,de Juares,odejuaresdl@abc.net.au,Male,185.90.0.50
491,Delmer,Farn,dfarndm@geocities.jp,Male,236.210.123.178
492,Corrianne,Condon,ccondondn@nymag.com,Female,235.214.210.121
493,Puff,Pina,ppinado@nsw.gov.au,Male,32.20.243.148
494,Rosemaria,Dorman,rdormandp@wordpress.com,Female,169.103.38.31
495,Millie,Duddy,mduddydq@blogger.com,Female,232.18.150.64
496,Rita,Dudny,rdudnydr@tumblr.com,Female,219.180.51.95
497,Sol,Furneaux,sfurneauxds@people.com.cn,Male,175.124.43.47
498,Bronny,Ostick,bostickdt@salon.com,Male,214.45.132.128
499,Jacques,Trevena,jtrevenadu@t.co,Male,66.36.56.250
500,Rafe,Wedlake,rwedlakedv@reverbnation.com,Male,165.211.132.162
501,Fleming,Jamary,fjamarydw@paypal.com,Male,146.89.185.220
502,Dale,Defries,ddefriesdx@dedecms.com,Male,108.255.156.182
503,Idelle,Filppetti,ifilppettidy@paginegialle.it,Non-binary,229.81.229.124
504,Blanch,Barrowcliffe,bbarrowcliffedz@cargocollective.com,Female,160.246.57.53
505,Gwenora,Abrehart,gabreharte0@netscape.com,Female,1.220.9.52
506,Barr,Martusewicz,bmartusewicze1@narod.ru,Genderqueer,255.106.100.163
507,Brenden,Loyns,bloynse2@google.co.jp,Bigender,92.164.59.18
508,Franchot,Thewlis,fthewlise3@cafepress.com,Male,170.212.48.164
509,Georgeanne,Siveyer,gsiveyere4@google.com,Female,207.69.213.128
510,Aymer,Piscopello,apiscopelloe5@alexa.com,Male,190.208.5.253
511,Annabel,Pydcock,apydcocke6@telegraph.co.uk,Genderqueer,232.58.188.110
512,Lemar,Epgrave,lepgravee7@hp.com,Male,135.228.178.132
513,Merrile,Laba,mlabae8@discovery.com,Female,70.174.132.4
514,Klemens,Comrie,kcomriee9@skype.com,Male,254.249.19.111
515,Etienne,Duchant,educhantea@dmoz.org,Male,87.0.89.25
516,Lawrence,Mitten,lmitteneb@aol.com,Male,227.242.151.180
517,Cymbre,Josselson,cjosselsonec@shinystat.com,Female,1.151.73.107
518,Shay,Eul,seuled@prweb.com,Female,90.158.89.129
519,Royce,Schaben,rschabenee@1688.com,Genderfluid,45.99.100.27
520,Marlene,Skirvin,mskirvinef@i2i.jp,Female,154.144.95.109
521,Audry,Brogini,abroginieg@illinois.edu,Female,225.155.255.205
522,Raimund,Longfellow,rlongfelloweh@bravesites.com,Male,7.93.115.191
523,Conny,Searl,csearlei@tripod.com,Female,61.142.46.91
524,Redford,Ruggs,rruggsej@redcross.org,Male,215.1.218.144
525,Alano,Hearons,ahearonsek@ucoz.ru,Male,250.191.191.33
526,Ellswerth,Balma,ebalmael@narod.ru,Male,10.92.180.8
527,Talia,Glavis,tglavisem@dailymotion.com,Female,112.39.153.32
528,Hakeem,Charker,hcharkeren@ebay.com,Male,181.125.203.215
529,Lisle,Emerine,lemerineeo@deviantart.com,Male,182.93.225.95
530,Carissa,McNeice,cmcneiceep@eepurl.com,Agender,46.169.44.40
531,Horst,Barthorpe,hbarthorpeeq@rakuten.co.jp,Male,11.143.87.10
532,Myer,Boldero,mbolderoer@ucla.edu,Male,185.137.232.167
533,Ashil,Harbottle,aharbottlees@google.com.hk,Female,124.71.137.174
534,Aliza,Moran,amoranet@cnn.com,Female,253.128.220.80
535,Scotty,Eplate,seplateeu@msn.com,Male,177.246.111.115
536,Jareb,Ivashchenko,jivashchenkoev@baidu.com,Male,163.59.198.48
537,Anabella,Blinman,ablinmanew@amazonaws.com,Female,28.10.191.74
538,Anastasia,Lewsley,alewsleyex@dot.gov,Female,121.243.105.93
539,Shelbi,Kembery,skemberyey@foxnews.com,Female,102.145.110.174
540,Justinian,Golder,jgolderez@unc.edu,Male,206.113.9.225
541,Kelwin,Eatock,keatockf0@digg.com,Male,188.249.205.119
542,Kassandra,Matthensen,kmatthensenf1@canalblog.com,Female,110.149.150.115
543,Almira,Bowering,aboweringf2@weibo.com,Female,94.113.209.202
544,Renaldo,Verduin,rverduinf3@ucoz.com,Male,0.214.204.182
545,Catlee,Hay,chayf4@apache.org,Female,174.120.27.39
546,Kristoffer,Vasyutichev,kvasyutichevf5@sphinn.com,Male,162.220.206.125
547,Berk,Cousin,bcousinf6@hp.com,Agender,121.81.156.203
548,Fionnula,Sterley,fsterleyf7@prnewswire.com,Female,22.247.121.137
549,Margery,Grute,mgrutef8@a8.net,Female,134.64.69.244
550,Emanuel,Guillard,eguillardf9@bloomberg.com,Male,199.47.171.126
551,Jeri,Halbert,jhalbertfa@paypal.com,Bigender,184.209.194.71
552,Darline,Follacaro,dfollacarofb@wordpress.com,Female,231.190.6.76
553,Helli,Castagneri,hcastagnerifc@tumblr.com,Female,24.74.118.131
554,Mort,Ould,mouldfd@bing.com,Male,217.174.127.10
555,Duane,Tookey,dtookeyfe@europa.eu,Male,218.87.163.29
556,Kristien,McConnulty,kmcconnultyff@va.gov,Female,39.145.66.135
557,Nealy,Pessel,npesselfg@independent.co.uk,Male,251.214.87.83
558,Donnamarie,Burchett,dburchettfh@dmoz.org,Female,197.144.202.20
559,Ricki,Adanez,radanezfi@sphinn.com,Male,209.45.187.196
560,Wandie,Sprigings,wsprigingsfj@google.cn,Female,11.215.254.240
561,Rozele,Cancellieri,rcancellierifk@nasa.gov,Female,70.42.145.47
562,Conroy,Capner,ccapnerfl@freewebs.com,Male,89.165.10.6
563,Sheeree,Wims,swimsfm@lycos.com,Female,36.62.15.148
564,Filide,Throssell,fthrossellfn@canalblog.com,Female,16.172.159.12
565,Janice,Cattroll,jcattrollfo@webnode.com,Non-binary,178.227.6.132
566,Billye,Castellucci,bcastelluccifp@altervista.org,Female,229.103.241.255
567,Emily,McInnes,emcinnesfq@umich.edu,Bigender,167.43.56.34
568,Cherin,Krollman,ckrollmanfr@cargocollective.com,Female,232.229.30.70
569,Jarib,Sibbet,jsibbetfs@bbb.org,Male,17.20.255.147
570,Cristian,Sprakes,csprakesft@fastcompany.com,Male,121.74.92.3
571,Kevan,Blowers,kblowersfu@foxnews.com,Male,154.8.164.108
572,Berkie,Constance,bconstancefv@google.com,Male,92.40.27.34
573,Sammie,Meni,smenifw@cnn.com,Male,93.240.11.36
574,Melosa,Sangwin,msangwinfx@surveymonkey.com,Female,248.43.57.249
575,Chelsea,Gue,cguefy@nps.gov,Bigender,237.225.79.217
576,Myrle,Viste,mvistefz@csmonitor.com,Bigender,37.178.193.182
577,Augustina,Laver,alaverg0@behance.net,Female,135.215.92.84
578,Alecia,Oakinfold,aoakinfoldg1@msn.com,Bigender,74.113.217.70
579,Kristy,Fripps,kfrippsg2@telegraph.co.uk,Non-binary,96.175.228.64
580,Meggy,Buckland,mbucklandg3@europa.eu,Female,154.186.97.233
581,Jeremy,Inglesant,jinglesantg4@drupal.org,Male,71.181.217.135
582,Lindy,Duffill,lduffillg5@alexa.com,Female,163.123.235.32
583,Georgie,Vatcher,gvatcherg6@friendfeed.com,Male,41.110.86.98
584,Briggs,Darlasson,bdarlassong7@marriott.com,Male,189.235.108.94
585,Luelle,Bowdidge,lbowdidgeg8@arstechnica.com,Female,92.44.124.84
586,Olga,Hastwell,ohastwellg9@topsy.com,Polygender,249.250.13.193
587,Roley,Huitson,rhuitsonga@auda.org.au,Male,18.79.183.152
588,Glynda,Fergusson,gfergussongb@linkedin.com,Female,7.176.62.113
589,Datha,Bohey,dboheygc@aol.com,Female,201.52.194.49
590,Oralle,Christiensen,ochristiensengd@opensource.org,Female,8.96.181.247
591,Faunie,Longcake,flongcakege@nifty.com,Bigender,28.62.222.116
592,Alfie,Hearfield,ahearfieldgf@google.pl,Male,60.190.217.46
593,Erma,Feveryear,efeveryeargg@xing.com,Female,153.161.13.244
594,Rafaello,Simcock,rsimcockgh@state.tx.us,Male,120.154.17.53
595,Krystle,Stain,kstaingi@exblog.jp,Female,69.30.205.57
596,Correy,Dufall,cdufallgj@xinhuanet.com,Female,66.194.227.119
597,Sol,Mount,smountgk@bigcartel.com,Male,34.175.170.229
598,Kimbell,Larkby,klarkbygl@imgur.com,Male,222.146.227.135
599,Boniface,Elsop,belsopgm@earthlink.net,Bigender,220.45.40.52
600,Starla,Burger,sburgergn@hhs.gov,Female,236.145.45.236
601,Abrahan,Avrahamian,aavrahamiango@cnet.com,Male,93.98.242.84
602,Matilde,Horwell,mhorwellgp@illinois.edu,Female,70.241.38.12
603,Sandor,Betser,sbetsergq@scribd.com,Male,127.169.121.158
604,Dick,Davidofski,ddavidofskigr@umn.edu,Male,38.160.197.212
605,Marcus,Burless,mburlessgs@cnet.com,Male,224.192.240.254
606,Malvina,Broomhead,mbroomheadgt@behance.net,Female,174.170.39.78
607,Alwin,Celiz,acelizgu@flavors.me,Male,248.98.81.174
608,Ernaline,Blazewski,eblazewskigv@chronoengine.com,Genderqueer,187.166.96.249
609,Rheta,Gerger,rgergergw@wix.com,Female,122.9.9.17
610,Zolly,Imorts,zimortsgx@sun.com,Male,200.114.6.57
611,Will,Edgett,wedgettgy@apple.com,Male,14.122.197.190
612,Nollie,Assender,nassendergz@soup.io,Female,110.221.224.125
613,Correna,Top,ctoph0@webnode.com,Female,223.53.65.188
614,Emmanuel,Bernot,ebernoth1@sina.com.cn,Male,200.232.53.189
615,Saundra,Enderby,senderbyh2@intel.com,Male,138.136.67.199
616,Jourdan,Ladson,jladsonh3@fema.gov,Bigender,176.63.39.193
617,Brittney,Battram,bbattramh4@yellowpages.com,Genderqueer,223.219.51.150
618,Joey,Evershed,jevershedh5@foxnews.com,Female,242.189.123.168
619,Dick,Briggs,dbriggsh6@fotki.com,Male,221.31.112.236
620,Joletta,De Mattei,jdematteih7@si.edu,Polygender,123.153.34.162
621,Wallis,Allibon,wallibonh8@mozilla.org,Male,152.23.145.255
622,Harwilll,Bischop,hbischoph9@dion.ne.jp,Male,219.27.121.130
623,Kalindi,Ulyat,kulyatha@wired.com,Female,0.183.188.74
624,Brittney,Werner,bwernerhb@bing.com,Female,119.48.252.115
625,Flory,Caile,fcailehc@cnet.com,Female,134.122.100.35
626,Feodor,Marmyon,fmarmyonhd@wired.com,Male,36.20.176.132
627,Daryle,Velti,dveltihe@ibm.com,Male,208.194.252.102
628,Jay,Kelinge,jkelingehf@reverbnation.com,Male,152.220.165.183
629,Marie-ann,Gildersleeve,mgildersleevehg@squarespace.com,Bigender,48.9.229.93
630,Rance,Carah,rcarahhh@icq.com,Male,119.101.186.87
631,Clay,Hardware,chardwarehi@dyndns.org,Male,197.251.29.220
632,Doralia,Truluck,dtruluckhj@unblog.fr,Female,118.40.52.50
633,Wallas,Parton,wpartonhk@slashdot.org,Male,135.43.232.34
634,Hillary,Deane,hdeanehl@prweb.com,Male,244.243.13.2
635,Myca,Gunther,mguntherhm@cnbc.com,Male,231.116.244.138
636,Susanne,Hitter,shitterhn@who.int,Female,181.253.208.231
637,Dyanna,Tuplin,dtuplinho@flickr.com,Female,251.190.171.4
638,Fayette,Baldassi,fbaldassihp@dailymotion.com,Female,101.38.252.229
639,Willey,Beckenham,wbeckenhamhq@redcross.org,Male,71.244.97.206
640,Keenan,Mongenot,kmongenothr@seesaa.net,Male,5.214.84.15
641,Malchy,Brissard,mbrissardhs@state.gov,Male,106.67.90.96
642,Noelle,Trayton,ntraytonht@ow.ly,Female,163.248.158.148
643,Prince,Bifield,pbifieldhu@t.co,Male,121.30.239.80
644,Ashton,Codd,acoddhv@cbc.ca,Male,250.41.56.128
645,Brock,Gasgarth,bgasgarthhw@constantcontact.com,Male,22.188.186.141
646,Jaymee,Eddy,jeddyhx@ycombinator.com,Female,152.23.65.154
647,Lezlie,Camier,lcamierhy@blogspot.com,Female,153.184.163.29
648,Remus,Grzelczak,rgrzelczakhz@merriam-webster.com,Male,103.248.80.179
649,Rosalinda,Algore,ralgorei0@google.fr,Female,46.98.23.155
650,Hattie,Fessions,hfessionsi1@last.fm,Female,56.127.34.174
651,Judd,Mahody,jmahodyi2@nationalgeographic.com,Male,233.55.131.81
652,Nils,Hanaford,nhanafordi3@tmall.com,Male,67.155.76.241
653,Lisabeth,Morrieson,lmorriesoni4@sciencedaily.com,Female,20.123.179.167
654,Ruy,Androsik,randrosiki5@globo.com,Male,142.104.43.16
655,Dore,Evert,deverti6@sakura.ne.jp,Female,49.251.79.130
656,Rhea,Settle,rsettlei7@reddit.com,Female,10.163.151.209
657,Ragnar,Sinden,rsindeni8@w3.org,Male,27.208.115.8
658,Verney,Pitkeathley,vpitkeathleyi9@w3.org,Male,231.36.240.67
659,Gretta,Bonavia,gbonaviaia@joomla.org,Female,246.115.248.147
660,Lauretta,McCrossan,lmccrossanib@nps.gov,Female,199.212.232.238
661,Sella,Yakobovitz,syakobovitzic@joomla.org,Female,177.189.46.196
662,Aurora,Spargo,aspargoid@boston.com,Bigender,27.243.229.229
663,Shep,Pinock,spinockie@cam.ac.uk,Male,186.234.222.128
664,Bobbette,Sharpin,bsharpinif@smh.com.au,Female,176.81.172.130
665,Remington,Melpuss,rmelpussig@oracle.com,Male,232.140.178.16
666,Charlie,Fenck,cfenckih@mac.com,Male,244.202.44.226
667,Pearce,Gerraty,pgerratyii@npr.org,Bigender,184.246.36.183
668,Theresina,Skelhorn,tskelhornij@infoseek.co.jp,Female,42.32.120.229
669,Eziechiele,Spanswick,espanswickik@tmall.com,Male,50.35.197.254
670,Odella,Pallasch,opallaschil@ask.com,Female,89.32.19.103
671,Davis,Tregidga,dtregidgaim@wix.com,Male,14.180.136.84
672,Hobie,Falconbridge,hfalconbridgein@amazon.com,Male,99.219.127.76
673,Harri,Petchell,hpetchellio@freewebs.com,Female,128.179.14.2
674,Byrann,Matten,bmattenip@twitter.com,Polygender,203.236.6.44
675,Prentiss,Chimenti,pchimentiiq@google.co.uk,Male,79.144.170.93
676,Bambi,Hadlee,bhadleeir@typepad.com,Agender,226.154.30.35
677,Lucian,Peskett,lpeskettis@vkontakte.ru,Male,59.204.249.44
678,Lavinie,Cone,lconeit@addtoany.com,Female,161.128.175.26
679,Lucais,Bellany,lbellanyiu@bing.com,Male,183.18.192.166
680,Chadd,Bartels-Ellis,cbartelsellisiv@wiley.com,Polygender,126.125.16.188
681,Anett,Eastwell,aeastwelliw@telegraph.co.uk,Female,48.56.120.107
682,Lucky,Castagnier,lcastagnierix@blogspot.com,Female,191.26.102.221
683,Benedetto,Keenlayside,bkeenlaysideiy@scientificamerican.com,Male,79.91.158.87
684,Chiquita,Fenkel,cfenkeliz@mediafire.com,Female,45.132.248.120
685,Sib,Dimitriou,sdimitriouj0@marriott.com,Female,106.51.32.220
686,Hunt,Chanders,hchandersj1@naver.com,Male,32.71.120.142
687,Jessamyn,Weyland,jweylandj2@i2i.jp,Female,234.173.240.246
688,Wat,Loggie,wloggiej3@creativecommons.org,Male,131.32.52.50
689,Hamnet,Mewha,hmewhaj4@bloglovin.com,Male,201.157.189.240
690,Marla,Desport,mdesportj5@webmd.com,Female,59.136.186.149
691,Ed,Tomasik,etomasikj6@go.com,Male,136.175.158.217
692,Bat,Skipsey,bskipseyj7@wp.com,Agender,179.197.82.180
693,Jada,Skamell,jskamellj8@dot.gov,Female,202.175.176.179
694,Nolana,Edgley,nedgleyj9@weibo.com,Female,93.84.228.148
695,Giordano,Kebell,gkebellja@printfriendly.com,Male,46.6.230.253
696,Jemmy,Snary,jsnaryjb@linkedin.com,Female,82.61.144.140
697,Glenn,Ollet,golletjc@wisc.edu,Female,35.90.228.101
698,Creighton,Rameau,crameaujd@live.com,Male,227.222.66.92
699,Sydelle,Brehaut,sbrehautje@paginegialle.it,Female,93.225.3.235
700,Reeba,Coslitt,rcoslittjf@salon.com,Female,253.212.176.187
701,Sinclare,Woodes,swoodesjg@economist.com,Male,149.60.124.244
702,Verna,Nehl,vnehljh@wikispaces.com,Polygender,220.28.146.117
703,Lacy,Batman,lbatmanji@nhs.uk,Female,137.173.230.149
704,Reagen,Hourstan,rhourstanjj@instagram.com,Male,216.77.114.41
705,Lillis,Hedworth,lhedworthjk@cbc.ca,Bigender,165.237.2.70
706,Kit,Counihan,kcounihanjl@wordpress.com,Female,78.113.187.109
707,Helge,Cafferty,hcaffertyjm@mozilla.org,Female,198.18.236.105
708,Bronny,Bawdon,bbawdonjn@paginegialle.it,Male,101.220.181.64
709,Nolly,McSperrin,nmcsperrinjo@marriott.com,Non-binary,162.10.172.187
710,Kelvin,De Vaux,kdevauxjp@flickr.com,Genderfluid,160.14.105.165
711,Shea,Boness,sbonessjq@vistaprint.com,Male,126.113.22.82
712,Filberte,Leipoldt,fleipoldtjr@bloomberg.com,Male,94.141.219.26
713,Artemas,Gouldstraw,agouldstrawjs@amazon.co.jp,Male,155.75.45.103
714,Ailey,Mordan,amordanjt@wunderground.com,Female,233.9.55.40
715,Annora,Chomiszewski,achomiszewskiju@tmall.com,Female,15.9.83.91
716,Abbott,Yates,ayatesjv@yellowbook.com,Male,251.166.213.234
717,Elbertina,Lovejoy,elovejoyjw@un.org,Female,198.133.218.180
718,Bay,MacScherie,bmacscheriejx@statcounter.com,Male,203.66.173.32
719,Kenton,Ferronel,kferroneljy@omniture.com,Male,198.209.241.249
720,Kingsley,Payfoot,kpayfootjz@arstechnica.com,Male,72.58.145.190
721,Chico,Deveral,cdeveralk0@storify.com,Male,61.119.169.115
722,Bobbie,Jellard,bjellardk1@wp.com,Male,170.100.147.124
723,Constanta,Alvaro,calvarok2@msu.edu,Female,26.121.43.141
724,Minetta,McGannon,mmcgannonk3@joomla.org,Female,55.171.110.33
725,Des,Thams,dthamsk4@yahoo.co.jp,Male,255.197.236.181
726,Hobie,Szantho,hszanthok5@nbcnews.com,Male,175.114.205.213
727,Izaak,Conaghy,iconaghyk6@php.net,Male,112.253.109.41
728,Linc,Shearsby,lshearsbyk7@google.co.jp,Male,103.88.251.188
729,Eberto,Edmed,eedmedk8@fc2.com,Male,219.89.170.205
730,Carmela,Northedge,cnorthedgek9@shop-pro.jp,Female,248.152.19.57
731,Keslie,Petrussi,kpetrussika@slashdot.org,Female,234.132.249.224
732,Mace,Mannix,mmannixkb@ovh.net,Male,109.18.31.170
733,Estel,Upwood,eupwoodkc@flickr.com,Female,34.252.221.145
734,Gavin,Vondruska,gvondruskakd@ameblo.jp,Male,25.136.173.128
735,Hortensia,Gashion,hgashionke@google.co.uk,Female,22.195.36.100
736,Obadias,Phipp,ophippkf@cmu.edu,Male,56.45.205.254
737,Gerardo,Cowden,gcowdenkg@mit.edu,Male,109.3.162.161
738,Julee,Feben,jfebenkh@dell.com,Female,128.228.240.46
739,Kelcey,Oliva,kolivaki@multiply.com,Female,194.151.233.111
740,Jimmy,Weekes,jweekeskj@fastcompany.com,Male,13.75.89.101
741,Scotti,Scurry,sscurrykk@merriam-webster.com,Male,216.74.233.66
742,Taddeo,Janssen,tjanssenkl@smugmug.com,Male,200.217.120.131
743,Maybelle,Pooly,mpoolykm@icq.com,Female,250.225.72.49
744,Ferne,Jakobsson,fjakobssonkn@addtoany.com,Female,11.228.48.177
745,Padgett,Seniour,pseniourko@cnbc.com,Male,221.67.169.212
746,Blinni,Durning,bdurningkp@vk.com,Female,81.66.119.23
747,Edd,Gilbeart,egilbeartkq@google.es,Male,53.137.189.176
748,Edik,Rudloff,erudloffkr@pcworld.com,Male,16.240.16.25
749,Kerianne,Stoddard,kstoddardks@fema.gov,Female,73.132.29.133
750,Renato,Blind,rblindkt@nsw.gov.au,Bigender,2.33.85.190
751,Lincoln,Kibble,lkibbleku@shutterfly.com,Male,202.116.13.18
752,Killian,Wardel,kwardelkv@vistaprint.com,Non-binary,74.95.44.119
753,Tomas,Oulett,toulettkw@eventbrite.com,Male,114.187.217.176
754,Hurleigh,Ruste,hrustekx@usgs.gov,Non-binary,79.5.168.14
755,Ted,Piburn,tpiburnky@cornell.edu,Male,95.28.127.9
756,Minni,Swedeland,mswedelandkz@webs.com,Female,54.176.232.38
757,Uriel,Housegoe,uhousegoel0@abc.net.au,Male,8.149.46.31
758,Douglas,Cridlan,dcridlanl1@house.gov,Male,152.41.124.139
759,Abey,Withams,awithamsl2@upenn.edu,Male,155.196.252.224
760,Gretta,Kordes,gkordesl3@cornell.edu,Female,182.60.86.43
761,Udell,Epperson,ueppersonl4@slideshare.net,Male,21.93.96.211
762,Kristi,Satchel,ksatchell5@123-reg.co.uk,Female,179.192.233.250
763,Adrien,Leadston,aleadstonl6@engadget.com,Male,50.35.184.238
764,Haven,Swindon,hswindonl7@wired.com,Male,143.238.122.10
765,Lilla,Thurske,lthurskel8@mashable.com,Female,65.98.131.199
766,Finlay,Letertre,fletertrel9@cornell.edu,Bigender,212.153.195.122
767,Mei,Dougherty,mdoughertyla@1688.com,Female,22.96.6.37
768,Kirk,Biasetti,kbiasettilb@howstuffworks.com,Male,14.236.143.205
769,Micheline,Peebles,mpeebleslc@t.co,Female,254.217.218.154
770,Stacy,Tichner,stichnerld@woothemes.com,Male,123.161.8.164
771,Goldie,Luke,glukele@census.gov,Female,217.48.122.16
772,Alla,Smeeton,asmeetonlf@newsvine.com,Genderqueer,113.71.185.53
773,Wolfie,McKillop,wmckilloplg@wp.com,Male,36.225.26.97
774,Konstance,Atcheson,katchesonlh@state.gov,Female,12.193.48.210
775,Dave,Plante,dplanteli@aboutads.info,Male,9.64.234.115
776,Kalindi,Chmarny,kchmarnylj@uol.com.br,Female,44.134.58.167
777,Christian,Izsak,cizsaklk@sitemeter.com,Female,203.162.76.147
778,Zahara,Jeschner,zjeschnerll@nature.com,Female,133.69.91.204
779,Oliver,Richings,orichingslm@paypal.com,Male,247.148.15.204
780,Justen,Binney,jbinneyln@amazon.de,Male,178.38.72.24
781,Shay,Redley,sredleylo@japanpost.jp,Male,43.207.168.29
782,Mattias,Rumbelow,mrumbelowlp@comsenz.com,Male,255.214.82.41
783,Ellene,Lopes,elopeslq@xrea.com,Female,65.243.163.23
784,Lana,Espie,lespielr@pinterest.com,Female,83.224.131.1
785,Esmaria,Casini,ecasinils@addtoany.com,Female,21.101.177.247
786,Filberte,Mendenhall,fmendenhalllt@parallels.com,Male,241.181.81.57
787,Perkin,Schoular,pschoularlu@archive.org,Male,11.114.46.131
788,Arabele,Ashcroft,aashcroftlv@yellowbook.com,Female,193.138.85.115
789,Ellery,Blomfield,eblomfieldlw@ca.gov,Bigender,90.18.66.170
790,Mattie,Pipe,mpipelx@sitemeter.com,Male,212.68.171.113
791,Leone,Carnduff,lcarnduffly@arizona.edu,Female,122.208.41.36
792,Brinn,Barnshaw,bbarnshawlz@odnoklassniki.ru,Female,182.148.129.54
793,Alvin,Monahan,amonahanm0@booking.com,Male,67.226.151.173
794,Elfrieda,Prewer,eprewerm1@theatlantic.com,Female,246.220.99.101
795,Rinaldo,Bearcock,rbearcockm2@facebook.com,Male,16.204.182.206
796,Adrianna,Igo,aigom3@jalbum.net,Female,57.70.16.207
797,Valli,LeEstut,vleestutm4@ucoz.com,Female,24.234.231.120
798,Michel,Heale,mhealem5@google.ru,Female,57.26.193.111
799,Rosmunda,Oliveras,roliverasm6@example.com,Female,177.50.217.35
800,West,Shilton,wshiltonm7@usda.gov,Male,119.22.217.12
801,Leelah,Peeke,lpeekem8@acquirethisname.com,Female,4.236.60.8
802,Karole,Oakshott,koakshottm9@seattletimes.com,Female,59.126.99.121
803,Rodolfo,Olivi,rolivima@theatlantic.com,Male,45.235.253.198
804,Clayborne,Bruyntjes,cbruyntjesmb@independent.co.uk,Male,1.136.229.228
805,Ruthie,Laffling,rlafflingmc@jimdo.com,Female,222.68.194.152
806,Grayce,Wildman,gwildmanmd@admin.ch,Bigender,92.132.214.120
807,Wyatan,Isitt,wisittme@dedecms.com,Male,120.96.254.138
808,Ezequiel,Facher,efachermf@wikia.com,Male,239.207.227.253
809,Christian,Tiery,ctierymg@mlb.com,Female,178.60.84.68
810,Neron,Alldre,nalldremh@instagram.com,Male,120.216.245.195
811,Dotti,Davey,ddaveymi@soundcloud.com,Female,88.25.195.210
812,Mort,Linne,mlinnemj@huffingtonpost.com,Male,64.86.112.161
813,Arlana,Abbotson,aabbotsonmk@prweb.com,Female,166.145.169.89
814,Benjamen,Zanni,bzanniml@163.com,Male,57.224.54.14
815,Koo,Dunridge,kdunridgemm@spiegel.de,Female,133.26.99.33
816,Jerrine,Causey,jcauseymn@techcrunch.com,Female,151.161.144.150
817,Merridie,Sammonds,msammondsmo@list-manage.com,Female,8.20.135.174
818,Reynard,Haggerty,rhaggertymp@ted.com,Male,36.111.107.239
819,Christoffer,Loveredge,cloveredgemq@theglobeandmail.com,Male,42.157.48.121
820,Abner,Antusch,aantuschmr@webs.com,Bigender,245.99.69.31
821,Maud,Haye,mhayems@nasa.gov,Female,146.69.75.159
822,Mariel,Pitkethly,mpitkethlymt@amazon.de,Female,194.202.96.198
823,Brian,Glasard,bglasardmu@thetimes.co.uk,Male,155.16.193.79
824,Ronni,Friedlos,rfriedlosmv@weebly.com,Female,75.212.172.97
825,Brenna,Woolfitt,bwoolfittmw@studiopress.com,Female,151.4.66.50
826,Garvey,MacCallam,gmaccallammx@wikia.com,Male,40.48.219.200
827,Becca,Arrighetti,barrighettimy@canalblog.com,Female,134.21.206.143
828,Cart,Bartholin,cbartholinmz@discovery.com,Male,140.178.231.102
829,Rodge,Bollon,rbollonn0@amazon.de,Male,86.177.139.26
830,Sallyanne,Auchterlonie,sauchterlonien1@jalbum.net,Genderfluid,68.122.22.108
831,Hank,Torregiani,htorregianin2@amazon.com,Male,198.9.33.167
832,Bartel,Andrusyak,bandrusyakn3@nbcnews.com,Polygender,192.188.71.184
833,Darwin,Driver,ddrivern4@cloudflare.com,Male,216.242.213.228
834,Ingamar,Curbishley,icurbishleyn5@time.com,Male,60.4.97.95
835,Gus,Tait,gtaitn6@hc360.com,Female,211.238.224.118
836,Timothee,McAdam,tmcadamn7@gizmodo.com,Male,108.5.114.9
837,Nicolis,Lissimore,nlissimoren8@reuters.com,Male,134.253.124.72
838,Bar,Crumpe,bcrumpen9@dyndns.org,Male,43.100.76.197
839,Barbe,Hacard,bhacardna@elpais.com,Female,206.174.191.183
840,Cliff,Fozzard,cfozzardnb@cdbaby.com,Male,245.212.212.179
841,Sandi,Wythe,swythenc@tinyurl.com,Female,121.178.97.140
842,Dorette,Hotson,dhotsonnd@arizona.edu,Female,3.132.160.236
843,Rania,Whitta,rwhittane@mtv.com,Agender,34.141.178.252
844,Archie,Clementi,aclementinf@ucoz.com,Male,251.16.25.54
845,Stearn,Rollinson,srollinsonng@bluehost.com,Male,211.21.140.156
846,Carole,Fowden,cfowdennh@merriam-webster.com,Female,161.238.198.102
847,Hortensia,Stonbridge,hstonbridgeni@163.com,Genderqueer,89.19.105.250
848,Goldarina,Skillanders,gskillandersnj@samsung.com,Female,149.106.230.102
849,Harrison,Meneyer,hmeneyernk@stumbleupon.com,Male,54.144.60.191
850,Hailee,Isgate,hisgatenl@cisco.com,Female,195.244.235.55
851,Zane,Hambatch,zhambatchnm@umich.edu,Male,209.195.208.13
852,Guilbert,Stilldale,gstilldalenn@sohu.com,Male,239.160.10.121
853,Chlo,Cardenoso,ccardenosono@ocn.ne.jp,Female,224.12.79.74
854,Derrick,Figgs,dfiggsnp@nsw.gov.au,Genderqueer,144.132.194.151
855,Tiphani,Durie,tdurienq@wikimedia.org,Female,0.228.121.4
856,Neddy,Como,ncomonr@phoca.cz,Male,164.193.243.7
857,Cairistiona,Coumbe,ccoumbens@soup.io,Female,99.108.39.212
858,Reube,McTaggart,rmctaggartnt@theatlantic.com,Male,235.210.6.68
859,Sigismundo,McCurlye,smccurlyenu@sina.com.cn,Male,67.243.184.111
860,Arden,Tubbs,atubbsnv@princeton.edu,Genderfluid,247.201.13.228
861,Winny,Rodriguez,wrodrigueznw@hp.com,Male,15.242.118.85
862,Joellen,Goodee,jgoodeenx@house.gov,Female,158.61.73.245
863,Clementina,Kliner,cklinerny@chicagotribune.com,Female,63.132.70.191
864,Zelma,Baccup,zbaccupnz@tripod.com,Female,150.229.144.100
865,Selinda,Farmer,sfarmero0@eventbrite.com,Female,24.208.104.230
866,Carolyne,Arrell,carrello1@aol.com,Female,171.132.167.21
867,Oneida,Annis,oanniso2@mozilla.com,Female,119.148.189.194
868,Francesco,Venton,fventono3@devhub.com,Male,47.233.71.113
869,Herb,Morrill,hmorrillo4@liveinternet.ru,Male,154.243.162.116
870,Raymond,Ormes,rormeso5@google.com,Male,233.134.149.191
871,Stephie,Pedri,spedrio6@mozilla.com,Female,58.220.167.226
872,Jerome,Matous,jmatouso7@technorati.com,Male,129.45.73.35
873,Innis,Kerton,ikertono8@rambler.ru,Bigender,80.176.178.231
874,Eduardo,Gammons,egammonso9@samsung.com,Male,159.125.161.169
875,Vassily,Jeannin,vjeanninoa@odnoklassniki.ru,Male,172.198.198.102
876,Minnaminnie,Orae,moraeob@mlb.com,Female,119.217.247.150
877,Zachery,Regan,zreganoc@sourceforge.net,Male,178.227.40.33
878,Bar,Ring,bringod@chicagotribune.com,Male,227.158.191.85
879,Gabie,Charity,gcharityoe@xing.com,Male,121.2.151.187
880,Ethelbert,Jeanesson,ejeanessonof@fema.gov,Male,214.39.189.205
881,Renault,Lafond,rlafondog@zimbio.com,Male,137.228.166.251
882,Jehanna,Slayford,jslayfordoh@usatoday.com,Polygender,212.62.58.157
883,Shawna,Bumphrey,sbumphreyoi@dot.gov,Female,88.15.170.44
884,Sigfried,Gadson,sgadsonoj@google.ca,Male,144.182.182.172
885,Moishe,Cauthra,mcauthraok@oracle.com,Male,68.122.177.208
886,Mill,Kix,mkixol@bbb.org,Male,225.203.140.30
887,Alva,Colquhoun,acolquhounom@kickstarter.com,Male,77.180.159.47
888,Fergus,Stapells,fstapellson@google.nl,Male,177.226.151.211
889,Mersey,Kirk,mkirkoo@ning.com,Female,43.246.134.5
890,Vassili,Thurner,vthurnerop@drupal.org,Male,71.81.66.248
891,Kaitlyn,Enders,kendersoq@cdc.gov,Female,167.92.36.244
892,Mitchel,Elden,meldenor@reddit.com,Male,16.232.5.61
893,Flossy,Sotheron,fsotheronos@skype.com,Female,95.99.108.141
894,Cosmo,Brideau,cbrideauot@ezinearticles.com,Male,176.69.200.138
895,Amalle,Porkiss,aporkissou@wsj.com,Female,152.241.176.153
896,Derrik,Gautrey,dgautreyov@unesco.org,Male,1.66.14.134
897,Leroy,Puve,lpuveow@desdev.cn,Male,18.254.112.248
898,Wyatt,Tubritt,wtubrittox@hubpages.com,Male,43.70.134.123
899,Linea,Unworth,lunworthoy@myspace.com,Female,21.167.77.183
900,Trev,Henken,thenkenoz@biglobe.ne.jp,Male,225.175.221.17
901,Reinhard,Turton,rturtonp0@fastcompany.com,Male,242.177.9.248
902,Filip,Penchen,fpenchenp1@columbia.edu,Male,157.4.184.26
903,Nicola,Chaperling,nchaperlingp2@oaic.gov.au,Female,39.157.217.95
904,Sidonia,Hollibone,shollibonep3@salon.com,Female,24.101.10.152
905,Giffer,Brawn,gbrawnp4@fda.gov,Male,206.171.132.120
906,Flynn,Bartot,fbartotp5@sourceforge.net,Male,253.134.148.189
907,Keriann,Cyson,kcysonp6@google.es,Female,128.29.18.16
908,Essa,Rubinivitz,erubinivitzp7@istockphoto.com,Female,110.200.82.177
909,Idalia,Dahle,idahlep8@tinyurl.com,Female,186.163.3.51
910,Aharon,Staples,astaplesp9@merriam-webster.com,Male,150.174.97.4
911,Sarita,Stichel,sstichelpa@shinystat.com,Female,217.206.65.239
912,Hurlee,Buckle,hbucklepb@nymag.com,Male,127.236.181.117
913,Tanitansy,Farre,tfarrepc@wsj.com,Female,193.239.48.72
914,Ted,Bosomworth,tbosomworthpd@prlog.org,Female,117.60.86.56
915,Helen,Dows,hdowspe@umn.edu,Female,58.234.246.39
916,Rubin,Fripp,rfripppf@bbb.org,Male,20.231.209.168
917,Luciana,Buckerfield,lbuckerfieldpg@feedburner.com,Female,216.57.237.40
918,Arte,Wesson,awessonph@eepurl.com,Male,99.244.101.81
919,Norah,Plumtree,nplumtreepi@vimeo.com,Female,157.129.152.80
920,Aharon,Reddihough,areddihoughpj@bloglovin.com,Male,108.182.94.53
921,Zorah,Spillard,zspillardpk@last.fm,Female,227.55.73.200
922,Maritsa,Montfort,mmontfortpl@springer.com,Female,17.131.201.177
923,Daryn,Fancott,dfancottpm@techcrunch.com,Female,136.99.210.12
924,Nananne,Aspinell,naspinellpn@noaa.gov,Female,95.216.3.108
925,Terry,Ofen,tofenpo@quantcast.com,Genderqueer,43.149.56.79
926,Amalee,Wise,awisepp@google.ca,Female,101.178.247.209
927,Madelle,Miroy,mmiroypq@businesswire.com,Female,2.96.101.106
928,Zorah,Essery,zesserypr@behance.net,Female,185.249.12.165
929,Kerk,Dono,kdonops@fotki.com,Male,47.148.174.254
930,Kaspar,Neubigin,kneubiginpt@telegraph.co.uk,Genderqueer,172.230.64.160
931,Boycie,Circuit,bcircuitpu@a8.net,Male,82.131.229.22
932,Rory,Ferrao,rferraopv@paypal.com,Female,70.195.138.123
933,Netty,Codd,ncoddpw@chronoengine.com,Female,31.109.239.52
934,Freeman,Meriton,fmeritonpx@uiuc.edu,Male,7.89.252.107
935,Donica,Dockree,ddockreepy@fema.gov,Polygender,44.110.75.207
936,Fabien,Haysham,fhayshampz@paypal.com,Male,151.49.121.73
937,Dawna,Jennings,djenningsq0@forbes.com,Female,50.138.213.254
938,Essie,Yegoshin,eyegoshinq1@intel.com,Female,156.3.137.151
939,Gal,Forcer,gforcerq2@last.fm,Male,138.73.230.149
940,Reginauld,Angel,rangelq3@bizjournals.com,Male,223.116.250.188
941,Marlane,Cater,mcaterq4@photobucket.com,Female,134.199.195.199
942,Myrah,Sitford,msitfordq5@pinterest.com,Genderqueer,52.240.186.83
943,Nikos,Ruggs,nruggsq6@newyorker.com,Male,23.69.149.78
944,Chris,Nazaret,cnazaretq7@scientificamerican.com,Male,108.140.244.111
945,Read,Mullin,rmullinq8@squarespace.com,Male,252.29.156.5
946,Trenton,Phillips,tphillipsq9@home.pl,Male,86.11.107.3
947,Bebe,Morman,bmormanqa@netscape.com,Female,93.98.190.62
948,Constantia,Olyff,colyffqb@wikipedia.org,Female,203.53.164.96
949,Emerson,Venners,evennersqc@ovh.net,Male,204.191.186.251
950,Joannes,Farlane,jfarlaneqd@ucla.edu,Female,166.146.192.38
951,Dieter,Courtier,dcourtierqe@ehow.com,Male,181.34.22.63
952,Mohandas,Freeborn,mfreebornqf@goo.ne.jp,Male,202.54.149.126
953,Merwyn,Moan,mmoanqg@huffingtonpost.com,Male,165.53.10.93
954,Jakie,Van Rembrandt,jvanrembrandtqh@fema.gov,Male,24.17.11.250
955,Job,Davenall,jdavenallqi@domainmarket.com,Male,31.174.88.56
956,Garey,Roxbrough,groxbroughqj@disqus.com,Male,237.1.152.226
957,Shoshanna,Ledgeway,sledgewayqk@yahoo.com,Female,193.67.23.247
958,Adelina,Dechelle,adechelleql@eepurl.com,Female,143.253.56.84
959,Loralie,Cassin,lcassinqm@amazon.de,Female,247.114.221.34
960,Willy,Howatt,whowattqn@over-blog.com,Male,108.146.22.154
961,Willdon,Cousen,wcousenqo@netvibes.com,Male,66.157.171.155
962,Vilhelmina,Slimming,vslimmingqp@arizona.edu,Female,153.190.215.138
963,Marilin,Such,msuchqq@salon.com,Female,224.15.132.0
964,Yulma,Pittford,ypittfordqr@wsj.com,Male,222.3.238.154
965,Vernen,Flooks,vflooksqs@nasa.gov,Male,98.228.145.32
966,Lianna,Vecard,lvecardqt@rediff.com,Female,35.167.18.33
967,Howard,Winscom,hwinscomqu@ustream.tv,Male,202.38.65.113
968,Halimeda,Wholesworth,hwholesworthqv@phoca.cz,Female,51.108.234.186
969,Vivienne,Sizey,vsizeyqw@miibeian.gov.cn,Female,127.24.145.162
970,Delcina,Bengle,dbengleqx@shop-pro.jp,Female,208.9.65.231
971,Evelin,Colebrook,ecolebrookqy@illinois.edu,Male,45.172.221.67
972,Berty,Woolforde,bwoolfordeqz@ask.com,Male,207.143.45.106
973,Dalton,Suttle,dsuttler0@psu.edu,Male,73.38.215.155
974,Olly,McVeagh,omcveaghr1@netscape.com,Male,0.163.144.128
975,Jessie,Cregg,jcreggr2@sfgate.com,Male,26.14.86.134
976,Burke,O'Connell,boconnellr3@java.com,Male,26.94.218.23
977,Bertina,Draper,bdraperr4@nsw.gov.au,Female,12.224.26.142
978,Nealon,Courvert,ncourvertr5@youku.com,Male,38.230.217.214
979,Althea,Esley,aesleyr6@jimdo.com,Non-binary,211.151.15.12
980,Carmella,Pfaffe,cpfaffer7@craigslist.org,Female,240.229.35.172
981,Margit,Stewart,mstewartr8@bluehost.com,Female,26.39.131.52
982,Emmye,Castan,ecastanr9@quantcast.com,Female,241.189.119.215
983,Neall,Emmines,nemminesra@hubpages.com,Male,8.11.244.207
984,Livvy,Feathers,lfeathersrb@wikipedia.org,Female,80.59.164.31
985,Daryl,Batterton,dbattertonrc@umich.edu,Bigender,146.228.163.159
986,Bethena,Donavan,bdonavanrd@wired.com,Female,149.132.95.212
987,Tatiania,Simpole,tsimpolere@scribd.com,Female,82.33.66.157
988,Casey,MacAdam,cmacadamrf@wix.com,Genderqueer,141.172.155.190
989,Chas,Ivanchov,civanchovrg@bloomberg.com,Male,78.70.215.240
990,Fielding,Cowoppe,fcowopperh@cbsnews.com,Male,101.161.143.238
991,Siobhan,Gercke,sgerckeri@wufoo.com,Female,253.193.31.103
992,Kristofer,Wearden,kweardenrj@abc.net.au,Male,180.59.155.202
993,Lambert,Fairebrother,lfairebrotherrk@cam.ac.uk,Male,211.105.253.188
994,Danita,Siaskowski,dsiaskowskirl@addtoany.com,Genderqueer,12.59.208.44
995,Rogers,Labon,rlabonrm@technorati.com,Male,138.218.106.120
996,Eddie,Watsam,ewatsamrn@opera.com,Male,207.1.250.30
997,Julieta,Bramham,jbramhamro@businesswire.com,Female,16.143.47.115
998,Mordy,Bowle,mbowlerp@miibeian.gov.cn,Male,221.69.139.116
999,Carlo,Ricciardelli,cricciardellirq@dailymail.co.uk,Male,187.98.193.91
1000,Anabel,Gillbe,agillberr@networksolutions.com,Female,225.168.165.172
