id,first_name,last_name,email,gender,age
1,Idaline,Murrell,imurrell0@yale.edu,Female,42
2,Charyl,Buffham,cbuffham1@foxnews.com,Genderfluid,31
3,Dinnie,Batterbee,dbatterbee2@dailymotion.com,Female,48
4,Adriane,Chessor,achessor3@utexas.edu,Female,22
5,Jessalyn,Fipp,jfipp4@cargocollective.com,Female,35
6,Eustace,Hackley,ehackley5@webnode.com,Agender,4
7,Janine,Nutty,jnutty6@eepurl.com,Female,44
8,Finn,Lawry,flawry7@prnewswire.com,Genderqueer,60
9,Liam,Boldison,lboldison8@army.mil,Male,21
10,Ezmeralda,Gartan,egartan9@amazon.com,Female,47
11,Cynde,Kubis,ckubisa@squidoo.com,Female,24
12,Hannis,Oldnall,holdnallb@mlb.com,Female,9
13,Garwood,Penhall,gpenhallc@myspace.com,Male,7
14,Ninon,O'Cleary,noclearyd@blinklist.com,Female,27
15,Jacquenetta,Huffadine,jhuffadinee@spiegel.de,Female,23
16,Royce,Beartup,rbeartupf@fastcompany.com,Male,12
17,Jarrett,Kelson,jkelsong@over-blog.com,Male,62
18,Pippo,Thurlbourne,pthurlbourneh@cargocollective.com,Male,54
19,Herb,Lofts,hloftsi@amazonaws.com,Male,66
20,Ibbie,Hayhow,ihayhowj@pen.io,Female,23
21,Mord,Corse,mcorsek@jimdo.com,Male,54
22,Trixie,Olufsen,tolufsenl@epa.gov,Female,20
23,Dyann,Whiteson,dwhitesonm@gmpg.org,Female,18
24,Wanda,Morde,wmorden@pen.io,Female,34
25,Kris,Rylance,krylanceo@webs.com,Female,6
26,Cindra,Spaxman,cspaxmanp@topsy.com,Female,22
27,Dayna,Agerskow,dagerskowq@pbs.org,Female,31
28,Ashla,Londesborough,alondesboroughr@hostgator.com,Female,44
29,Loreen,Frick,lfricks@artisteer.com,Female,30
30,Ram,Gowanlock,rgowanlockt@si.edu,Male,36
31,Merrill,Vanelli,mvanelliu@go.com,Male,61
32,Cad,Kitcherside,ckitchersidev@techcrunch.com,Male,21
33,Kain,Phebey,kphebeyw@ning.com,Male,16
34,Tremaine,Derington,tderingtonx@istockphoto.com,Male,12
35,Enrique,Treby,etrebyy@paginegialle.it,Male,56
36,Rutger,Ducker,rduckerz@opensource.org,Male,9
37,Lonnie,Behnen,lbehnen10@elpais.com,Female,44
38,Lilith,Andino,landino11@tiny.cc,Female,49
39,Kit,Vedyaev,kvedyaev12@howstuffworks.com,Female,21
40,Craggie,Peaurt,cpeaurt13@vinaora.com,Male,4
41,Janith,Fawcett,jfawcett14@state.tx.us,Female,38
42,Natalina,Michiel,nmichiel15@dailymail.co.uk,Female,13
43,Fay,Durand,fdurand16@vk.com,Female,28
44,Bartolomeo,Ledwidge,bledwidge17@google.fr,Male,40
45,Ber,Ferras,bferras18@php.net,Male,20
46,Alf,Hacker,ahacker19@prlog.org,Male,58
47,Filippo,Goldsby,fgoldsby1a@topsy.com,Male,31
48,Esmaria,Burberow,eburberow1b@forbes.com,Female,44
49,Agnola,Renon,arenon1c@blogtalkradio.com,Female,56
50,Saundra,Koppens,skoppens1d@ted.com,Female,48
51,Halimeda,Bendare,hbendare1e@etsy.com,Female,59
52,Vittorio,Tire,vtire1f@marriott.com,Male,7
53,Adey,Fawdrie,afawdrie1g@wufoo.com,Female,19
54,Chan,Glaze,cglaze1h@engadget.com,Male,29
55,Ginelle,Dannatt,gdannatt1i@icq.com,Female,24
56,Arlyne,Purdy,apurdy1j@chronoengine.com,Female,38
57,Nanni,Pastor,npastor1k@woothemes.com,Female,31
58,Leonidas,Gladdis,lgladdis1l@walmart.com,Male,54
59,Georg,Goundrill,ggoundrill1m@webeden.co.uk,Male,68
60,Felice,Asplen,fasplen1n@jimdo.com,Male,70
61,Frederic,Shapter,fshapter1o@tripod.com,Male,63
62,Wandie,Litchmore,wlitchmore1p@xrea.com,Genderfluid,5
63,Edi,Trulock,etrulock1q@epa.gov,Female,33
64,Rollie,Kirimaa,rkirimaa1r@loc.gov,Male,54
65,Hynda,Henbury,hhenbury1s@tuttocitta.it,Polygender,54
66,Kettie,Stearn,kstearn1t@icio.us,Female,2
67,Thorpe,Kubacek,tkubacek1u@latimes.com,Male,3
68,Vincenty,Nason,vnason1v@miitbeian.gov.cn,Male,6
69,Court,Coldbathe,ccoldbathe1w@bizjournals.com,Male,2
70,Garrot,Beeke,gbeeke1x@google.co.jp,Male,27
71,Hertha,Batalini,hbatalini1y@clickbank.net,Female,60
72,Beryl,Kinane,bkinane1z@apache.org,Female,69
73,Felicle,Blackader,fblackader20@sbwire.com,Female,39
74,D'arcy,Maddison,dmaddison21@lulu.com,Non-binary,5
75,Tammi,Aspall,taspall22@mysql.com,Female,67
76,Andrei,Dowdell,adowdell23@whitehouse.gov,Female,66
77,Christiano,Sheere,csheere24@craigslist.org,Male,40
78,Ange,Le Estut,aleestut25@mtv.com,Male,7
79,Joyann,Geffe,jgeffe26@archive.org,Female,60
80,Malynda,Vittle,mvittle27@wired.com,Polygender,34
81,Madelaine,Skill,mskill28@sitemeter.com,Female,47
82,Fidelio,Beckwith,fbeckwith29@squarespace.com,Male,6
83,Jennee,Fonte,jfonte2a@alexa.com,Female,38
84,Stoddard,Corlett,scorlett2b@google.ru,Female,69
85,Eilis,Draude,edraude2c@icio.us,Female,66
86,Kent,McGilmartin,kmcgilmartin2d@ibm.com,Male,52
87,Galen,Fellibrand,gfellibrand2e@businessweek.com,Male,28
88,Liv,Canto,lcanto2f@usatoday.com,Female,44
89,Ingrid,Claige,iclaige2g@homestead.com,Female,13
90,Urbain,Bosman,ubosman2h@ox.ac.uk,Male,61
91,Bonnie,Simacek,bsimacek2i@phpbb.com,Female,61
92,Esma,Olennikov,eolennikov2j@scribd.com,Female,63
93,Shepard,Doerrling,sdoerrling2k@wix.com,Polygender,59
94,Rhodia,Millions,rmillions2l@bbb.org,Female,36
95,Dennis,Lawry,dlawry2m@mit.edu,Male,65
96,Nye,Schwaiger,nschwaiger2n@cpanel.net,Male,30
97,Welby,Heams,wheams2o@sakura.ne.jp,Male,14
98,Abeu,McWhan,amcwhan2p@jimdo.com,Male,14
99,Derril,Cosgriff,dcosgriff2q@ucoz.ru,Male,64
100,Sioux,Panchin,spanchin2r@booking.com,Female,47
101,Agna,Haveline,ahaveline2s@cbsnews.com,Female,33
102,Heinrick,Ledgley,hledgley2t@uol.com.br,Male,68
103,Randy,Wadge,rwadge2u@prnewswire.com,Male,55
104,Esta,Kearney,ekearney2v@cpanel.net,Genderfluid,57
105,Jordana,Sizey,jsizey2w@blogger.com,Female,49
106,Brittan,Zoephel,bzoephel2x@zimbio.com,Female,65
107,Lauri,Szymanowicz,lszymanowicz2y@zdnet.com,Female,52
108,Darice,Ferrarese,dferrarese2z@unicef.org,Female,8
109,Beatrisa,Yurkov,byurkov30@youku.com,Female,26
110,Verna,Bohlsen,vbohlsen31@naver.com,Female,38
111,Linnell,Roseman,lroseman32@typepad.com,Female,16
112,Kizzie,Easton,keaston33@live.com,Female,53
113,Sunny,Antonacci,santonacci34@1und1.de,Male,21
114,Stacee,Cotte,scotte35@123-reg.co.uk,Male,30
115,Rhona,Kuller,rkuller36@shutterfly.com,Female,11
116,Solomon,Hasely,shasely37@trellian.com,Male,53
117,Burlie,Young,byoung38@ft.com,Male,66
118,Malory,Stirtle,mstirtle39@gizmodo.com,Female,7
119,Tommie,Swancock,tswancock3a@com.com,Male,3
120,Ruthie,Latus,rlatus3b@ocn.ne.jp,Female,19
121,Cindi,Tremouille,ctremouille3c@miitbeian.gov.cn,Genderqueer,7
122,Dolley,Benam,dbenam3d@nsw.gov.au,Female,38
123,Kiel,Hiorn,khiorn3e@clickbank.net,Male,46
124,Hamlen,Teodori,hteodori3f@icq.com,Male,45
125,Dominica,Riste,driste3g@cisco.com,Female,17
126,Caresa,Jarrell,cjarrell3h@youku.com,Female,32
127,Tiler,Malinson,tmalinson3i@networksolutions.com,Male,45
128,Francisco,Macellar,fmacellar3j@vinaora.com,Male,55
129,Corbett,Brokenshire,cbrokenshire3k@diigo.com,Male,51
130,Geri,Gronaver,ggronaver3l@irs.gov,Male,64
131,Forest,Goodee,fgoodee3m@1688.com,Male,13
132,Urbano,Rulten,urulten3n@sciencedaily.com,Male,3
133,Pattie,Lattimer,plattimer3o@sciencedaily.com,Male,33
134,Zarah,Lendon,zlendon3p@xrea.com,Female,9
135,Holmes,Lafflina,hlafflina3q@unicef.org,Male,38
136,Nichol,Soane,nsoane3r@aboutads.info,Bigender,37
137,Nat,Parfett,nparfett3s@auda.org.au,Female,4
138,Marie-ann,Carillo,mcarillo3t@amazon.de,Female,69
139,Theobald,Rowan,trowan3u@storify.com,Male,69
140,Margit,Schapero,mschapero3v@blogspot.com,Non-binary,69
141,Tanya,Hext,thext3w@deliciousdays.com,Agender,31
142,Ely,Godbolt,egodbolt3x@discovery.com,Male,9
143,Phyllys,Trail,ptrail3y@ifeng.com,Female,54
144,Sydelle,Sudy,ssudy3z@ftc.gov,Female,7
145,Yuri,Beushaw,ybeushaw40@economist.com,Non-binary,58
146,Rosemarie,Lindenboim,rlindenboim41@answers.com,Polygender,34
147,Stephanie,Fairburn,sfairburn42@ca.gov,Female,69
148,Vivianna,Sharpless,vsharpless43@cbsnews.com,Female,69
149,Philis,Daudray,pdaudray44@google.co.uk,Genderfluid,52
150,Nady,Carlucci,ncarlucci45@ocn.ne.jp,Female,65
151,Syman,Propper,spropper46@geocities.jp,Male,31
152,Alice,Bentjens,abentjens47@dagondesign.com,Polygender,9
153,Selle,Colbran,scolbran48@go.com,Female,26
154,Ann,Malbon,amalbon49@sohu.com,Female,25
155,Giralda,Gallard,ggallard4a@sbwire.com,Female,38
156,Ashlen,Cranidge,acranidge4b@noaa.gov,Female,38
157,Davis,Robardet,drobardet4c@dot.gov,Male,34
158,Bancroft,Pashe,bpashe4d@usnews.com,Male,5
159,Gal,Herche,gherche4e@blog.com,Male,39
160,Margaretha,Lukash,mlukash4f@mediafire.com,Female,15
161,Maryanna,Roomes,mroomes4g@redcross.org,Female,30
162,Adrianna,Lyster,alyster4h@uol.com.br,Genderqueer,49
163,Mano,Geroldini,mgeroldini4i@msu.edu,Male,1
164,Merrel,Pates,mpates4j@shop-pro.jp,Male,32
165,Reuben,Bugge,rbugge4k@senate.gov,Male,35
166,Eva,Beiderbecke,ebeiderbecke4l@live.com,Female,37
167,Kara-lynn,Alliberton,kalliberton4m@army.mil,Bigender,21
168,Kippar,Wotherspoon,kwotherspoon4n@ucoz.com,Male,70
169,Bonni,Gealy,bgealy4o@apache.org,Female,3
170,Kristofor,Camilleri,kcamilleri4p@google.com,Male,38
171,Bondie,Stark,bstark4q@gizmodo.com,Male,65
172,Leonanie,Ramel,lramel4r@sina.com.cn,Genderqueer,19
173,Ervin,Yoxen,eyoxen4s@bbb.org,Male,24
174,Pavla,Lugg,plugg4t@w3.org,Non-binary,22
175,Mallory,Valentin,mvalentin4u@psu.edu,Male,65
176,Lanae,Baldwin,lbaldwin4v@indiegogo.com,Female,32
177,Lillis,Ainge,lainge4w@etsy.com,Female,7
178,Brittne,Punch,bpunch4x@infoseek.co.jp,Female,51
179,Normie,Climer,nclimer4y@oracle.com,Male,7
180,Matthaeus,Eichmann,meichmann4z@friendfeed.com,Male,17
181,Roxane,Lednor,rlednor50@tripadvisor.com,Genderqueer,47
182,Eustacia,Mattacks,emattacks51@shareasale.com,Female,56
183,Valene,Killick,vkillick52@hibu.com,Female,8
184,Minnie,Bullar,mbullar53@trellian.com,Female,54
185,Llywellyn,MacVagh,lmacvagh54@tiny.cc,Genderfluid,25
186,Linus,Maginn,lmaginn55@time.com,Agender,41
187,Selma,Breslau,sbreslau56@theglobeandmail.com,Agender,61
188,Bonita,O'Shavlan,boshavlan57@google.cn,Female,26
189,Blayne,Braiden,bbraiden58@chronoengine.com,Male,11
190,Morna,Cantera,mcantera59@home.pl,Female,37
191,Lanie,Cyseley,lcyseley5a@photobucket.com,Male,31
192,Skell,Petrashkov,spetrashkov5b@artisteer.com,Male,5
193,Hilarius,Lovett,hlovett5c@symantec.com,Male,59
194,Rebecka,Jeannenet,rjeannenet5d@ucsd.edu,Female,18
195,Federica,Gladdor,fgladdor5e@ted.com,Female,45
196,Pincas,Antoniutti,pantoniutti5f@phoca.cz,Male,27
197,Sergio,Petters,spetters5g@about.me,Polygender,26
198,Lauralee,A'field,lafield5h@angelfire.com,Female,37
199,Dasi,Ehrat,dehrat5i@time.com,Agender,35
200,Bethanne,Alan,balan5j@guardian.co.uk,Female,45
201,Goldina,Murray,gmurray5k@sitemeter.com,Female,36
202,Isadora,Fensome,ifensome5l@lycos.com,Female,46
203,Von,Peepall,vpeepall5m@abc.net.au,Male,15
204,Care,Koubu,ckoubu5n@smh.com.au,Male,2
205,Danell,Hufton,dhufton5o@ucoz.ru,Female,33
206,Cassie,Hanbury,chanbury5p@ask.com,Male,46
207,Lorin,Wicher,lwicher5q@icio.us,Male,37
208,Cordy,Toderini,ctoderini5r@dailymail.co.uk,Female,30
209,Shane,Corsan,scorsan5s@who.int,Female,13
210,Tremain,Geroldi,tgeroldi5t@google.com.au,Male,54
211,Maggy,Caltun,mcaltun5u@networkadvertising.org,Female,9
212,Dav,Gibling,dgibling5v@craigslist.org,Male,29
213,Norah,Linggood,nlinggood5w@purevolume.com,Female,9
214,Burr,MacPhail,bmacphail5x@zimbio.com,Male,24
215,Gail,Newens,gnewens5y@guardian.co.uk,Female,70
216,Sammie,O'Hanlon,sohanlon5z@samsung.com,Male,6
217,Terrel,Kneller,tkneller60@apple.com,Polygender,39
218,Rodney,Lob,rlob61@about.com,Male,65
219,Saxon,Martinelli,smartinelli62@vinaora.com,Male,58
220,Ricardo,Sarten,rsarten63@wp.com,Genderfluid,2
221,Kiersten,Kleynermans,kkleynermans64@nps.gov,Female,21
222,Lyell,Poll,lpoll65@theatlantic.com,Male,16
223,Reinald,Garron,rgarron66@comcast.net,Male,36
224,Kim,Pittwood,kpittwood67@foxnews.com,Female,19
225,Portie,Comport,pcomport68@marriott.com,Male,6
226,Felike,Rappoport,frappoport69@cnet.com,Male,36
227,Carney,Gever,cgever6a@elegantthemes.com,Bigender,63
228,Bartholomeo,McClinton,bmcclinton6b@java.com,Polygender,16
229,Carling,Adamowitz,cadamowitz6c@examiner.com,Male,50
230,Godiva,Leathley,gleathley6d@zdnet.com,Female,32
231,Antonino,Dalziel,adalziel6e@pbs.org,Male,13
232,Ilise,Romagnosi,iromagnosi6f@skype.com,Female,67
233,Annie,Trahair,atrahair6g@exblog.jp,Female,36
234,Town,Goering,tgoering6h@gizmodo.com,Male,59
235,Ingemar,Iveans,iiveans6i@blogs.com,Male,43
236,Ardine,Tibb,atibb6j@t.co,Female,46
237,Ansley,Argontt,aargontt6k@joomla.org,Female,42
238,Avie,Kettridge,akettridge6l@washingtonpost.com,Female,62
239,Candy,Gyngyll,cgyngyll6m@time.com,Polygender,4
240,Charla,Ortzen,cortzen6n@cnbc.com,Female,5
241,Collin,Taylder,ctaylder6o@chronoengine.com,Male,20
242,Sully,McDougle,smcdougle6p@nifty.com,Male,5
243,Welch,Rosenstiel,wrosenstiel6q@cnet.com,Male,2
244,Raquela,Jahnke,rjahnke6r@umich.edu,Female,49
245,Ame,Caile,acaile6s@taobao.com,Female,53
246,Kassi,Babbe,kbabbe6t@cisco.com,Female,16
247,Chariot,Cridlan,ccridlan6u@mail.ru,Genderfluid,38
248,Dorette,Atto,datto6v@ucoz.ru,Female,16
249,Sisely,Guys,sguys6w@dagondesign.com,Female,29
250,Reinaldo,Starmore,rstarmore6x@barnesandnoble.com,Male,4
251,Netta,Hall-Gough,nhallgough6y@marriott.com,Female,69
252,Gaylor,Ericsson,gericsson6z@ifeng.com,Agender,52
253,Angus,MacDiarmond,amacdiarmond70@wikipedia.org,Male,58
254,Bobbi,Hargraves,bhargraves71@amazon.com,Female,34
255,Courtnay,Attwoul,cattwoul72@skyrock.com,Female,11
256,Phaidra,Borgnet,pborgnet73@nymag.com,Female,26
257,Ogdon,Rontree,orontree74@trellian.com,Male,7
258,Bar,Armes,barmes75@fc2.com,Male,44
259,Ginger,Chawner,gchawner76@dailymotion.com,Male,20
260,Shirley,Bradder,sbradder77@cbslocal.com,Female,39
261,Basil,Beagan,bbeagan78@ucla.edu,Male,59
262,Artemas,Lethem,alethem79@ft.com,Bigender,8
263,Zorine,Youens,zyouens7a@scribd.com,Female,13
264,Phillis,Nisbith,pnisbith7b@csmonitor.com,Female,57
265,Birk,Colledge,bcolledge7c@sciencedirect.com,Male,35
266,Leena,Banbridge,lbanbridge7d@cbc.ca,Female,56
267,Edithe,Cristofori,ecristofori7e@storify.com,Female,16
268,Dawn,Colthard,dcolthard7f@usa.gov,Female,51
269,Reeta,Bartusek,rbartusek7g@studiopress.com,Female,15
270,Roshelle,Peterkin,rpeterkin7h@psu.edu,Genderqueer,69
271,Harriette,Mattingly,hmattingly7i@bbc.co.uk,Female,61
272,Tillie,Obey,tobey7j@taobao.com,Female,43
273,Diana,Lawrenceson,dlawrenceson7k@answers.com,Female,16
274,Ros,Fantini,rfantini7l@51.la,Female,35
275,Gusta,Kiendl,gkiendl7m@marketwatch.com,Female,35
276,Colver,Pfeffle,cpfeffle7n@wisc.edu,Male,12
277,Arin,Bambridge,abambridge7o@webmd.com,Male,12
278,Welch,Vaud,wvaud7p@mtv.com,Male,31
279,Ajay,Dorant,adorant7q@apple.com,Female,8
280,Dieter,Plante,dplante7r@unesco.org,Male,61
281,Godfry,Tregenna,gtregenna7s@addtoany.com,Male,2
282,Alic,Pendrid,apendrid7t@columbia.edu,Male,13
283,Symon,Raphael,sraphael7u@twitpic.com,Male,15
284,Simonne,Gregoraci,sgregoraci7v@ucsd.edu,Female,13
285,Olivette,Walkinshaw,owalkinshaw7w@t.co,Female,31
286,Ansel,Aprahamian,aaprahamian7x@go.com,Male,32
287,Farlee,Stoneham,fstoneham7y@com.com,Male,11
288,Jdavie,Dirand,jdirand7z@comsenz.com,Male,8
289,Clarita,Leaton,cleaton80@un.org,Female,40
290,Lindsay,Braley,lbraley81@ucoz.com,Female,41
291,Bartholemy,Birdwhistle,bbirdwhistle82@paginegialle.it,Male,19
292,Cornela,Tolworthie,ctolworthie83@cnet.com,Female,32
293,Charles,Farr,cfarr84@blinklist.com,Male,67
294,Lizette,Van den Broek,lvandenbroek85@xing.com,Female,35
295,Temp,Fitch,tfitch86@gizmodo.com,Male,30
296,Othilie,Shiel,oshiel87@4shared.com,Female,37
297,Inesita,Lamplugh,ilamplugh88@samsung.com,Female,19
298,Shandie,Perryman,sperryman89@amazonaws.com,Female,17
299,Tracey,Godar,tgodar8a@businesswire.com,Male,62
300,Madelina,Tarpey,mtarpey8b@yandex.ru,Female,22
301,Demetrius,Fricke,dfricke8c@japanpost.jp,Male,30
302,Dan,Steggals,dsteggals8d@hugedomains.com,Male,30
303,Cybil,Leavesley,cleavesley8e@soup.io,Female,43
304,Fiann,Civitillo,fcivitillo8f@earthlink.net,Bigender,36
305,Arny,Semken,asemken8g@e-recht24.de,Male,55
306,Darlleen,Lofthouse,dlofthouse8h@adobe.com,Female,58
307,Silvanus,Gravells,sgravells8i@example.com,Male,12
308,Chicky,Kunkel,ckunkel8j@google.fr,Male,13
309,Maia,Pearch,mpearch8k@soundcloud.com,Female,3
310,Vale,Bloxam,vbloxam8l@ox.ac.uk,Female,13
311,Arlana,Rosiello,arosiello8m@hexun.com,Bigender,10
312,Kiel,Kochlin,kkochlin8n@addtoany.com,Male,59
313,Malvin,Allcott,mallcott8o@last.fm,Male,48
314,Danny,Rosenfarb,drosenfarb8p@prnewswire.com,Female,49
315,Lorrie,Arnett,larnett8q@jimdo.com,Female,62
316,Maddy,Gouth,mgouth8r@nature.com,Non-binary,62
317,Dev,Pignon,dpignon8s@reddit.com,Male,62
318,Rahel,Mc Giffin,rmcgiffin8t@dailymotion.com,Female,36
319,Rayna,Dullard,rdullard8u@oakley.com,Female,8
320,Free,Spieck,fspieck8v@gnu.org,Polygender,28
321,Kenn,Dimitresco,kdimitresco8w@printfriendly.com,Male,46
322,Crin,Leftley,cleftley8x@reference.com,Genderfluid,19
323,Myca,Scholefield,mscholefield8y@godaddy.com,Male,50
324,Gallagher,Hendrickx,ghendrickx8z@who.int,Male,28
325,Sheridan,Oakton,soakton90@toplist.cz,Male,52
326,Gert,Fraser,gfraser91@canalblog.com,Female,41
327,Phillip,Job,pjob92@comcast.net,Male,55
328,Gonzales,Farley,gfarley93@answers.com,Male,14
329,Brock,Havill,bhavill94@marketwatch.com,Male,69
330,Allister,McPherson,amcpherson95@gmpg.org,Male,11
331,Domenic,Rowsell,drowsell96@dyndns.org,Genderfluid,5
332,Woody,Ellacott,wellacott97@infoseek.co.jp,Male,54
333,Janek,Di Claudio,jdiclaudio98@bravesites.com,Male,64
334,Fidel,Whorlton,fwhorlton99@people.com.cn,Male,28
335,Pauletta,Critchell,pcritchell9a@gizmodo.com,Female,66
336,Yorgo,Barrowcliffe,ybarrowcliffe9b@myspace.com,Male,13
337,Gareth,MacIllrick,gmacillrick9c@typepad.com,Male,51
338,Brenna,Huleatt,bhuleatt9d@statcounter.com,Female,14
339,Pauly,Bonett,pbonett9e@blogspot.com,Female,5
340,Riki,Penwright,rpenwright9f@globo.com,Female,23
341,Graehme,Scneider,gscneider9g@tmall.com,Polygender,37
342,Elenore,Brodest,ebrodest9h@clickbank.net,Female,13
343,Leese,Broddle,lbroddle9i@addthis.com,Female,40
344,Silvester,Martinolli,smartinolli9j@abc.net.au,Male,5
345,Jeannie,Lipyeat,jlipyeat9k@netlog.com,Female,64
346,D'arcy,O'Rourke,dorourke9l@a8.net,Male,15
347,Darrel,Mitchard,dmitchard9m@bbb.org,Male,67
348,Frants,Grishmanov,fgrishmanov9n@fastcompany.com,Male,4
349,Orelia,Giorgioni,ogiorgioni9o@github.com,Female,34
350,Jim,Streader,jstreader9p@sohu.com,Male,42
351,Wesley,Plowright,wplowright9q@themeforest.net,Bigender,68
352,Ninon,Farren,nfarren9r@trellian.com,Female,19
353,Siegfried,Featherstone,sfeatherstone9s@last.fm,Male,51
354,Angele,Corbin,acorbin9t@tinypic.com,Female,6
355,Elton,Quick,equick9u@economist.com,Male,62
356,Drake,Dunning,ddunning9v@canalblog.com,Male,35
357,Dorene,Enos,denos9w@hhs.gov,Non-binary,34
358,Curry,Lawlan,clawlan9x@tinypic.com,Male,20
359,Ted,Hawlgarth,thawlgarth9y@cnet.com,Male,70
360,Ansel,Egleton,aegleton9z@google.nl,Male,54
361,Verla,Tern,vterna0@admin.ch,Female,45
362,Duncan,Ridehalgh,dridehalgha1@yale.edu,Male,7
363,Boonie,Jellings,bjellingsa2@360.cn,Male,25
364,Brunhilde,Frascone,bfrasconea3@imageshack.us,Female,33
365,Rafferty,Precious,rpreciousa4@boston.com,Male,47
366,Deborah,Birrane,dbirranea5@ebay.co.uk,Female,14
367,Sophey,Pounder,spoundera6@purevolume.com,Female,45
368,Abagail,Mallindine,amallindinea7@wired.com,Genderfluid,60
369,Stacee,Isaaksohn,sisaaksohna8@blinklist.com,Male,40
370,Prudence,Lucia,pluciaa9@liveinternet.ru,Female,22
371,Torry,Choke,tchokeaa@biglobe.ne.jp,Male,27
372,Carri,Dellow,cdellowab@canalblog.com,Female,29
373,Ted,Goodliffe,tgoodliffeac@walmart.com,Female,15
374,Aaron,Corryer,acorryerad@webnode.com,Male,65
375,Gusty,Bruntje,gbruntjeae@earthlink.net,Female,64
376,Tildy,Hacun,thacunaf@psu.edu,Non-binary,66
377,Flint,Cayette,fcayetteag@uol.com.br,Male,26
378,Stesha,Howatt,showattah@angelfire.com,Female,50
379,Albert,Tutchings,atutchingsai@census.gov,Male,63
380,Viole,Goodwin,vgoodwinaj@wired.com,Female,63
381,Mozelle,Littlepage,mlittlepageak@blog.com,Female,37
382,Angie,St. Queintain,astqueintainal@sourceforge.net,Male,9
383,Lancelot,MacPharlain,lmacpharlainam@list-manage.com,Male,31
384,Gabriela,Garry,ggarryan@mysql.com,Female,9
385,Ulrich,Ratie,uratieao@nih.gov,Bigender,49
386,Lesli,Brannan,lbrannanap@comcast.net,Female,7
387,Glynn,Entissle,gentissleaq@virginia.edu,Male,42
388,Ester,Hall,ehallar@php.net,Female,70
389,Seymour,Faulds,sfauldsas@vistaprint.com,Male,12
390,Alonso,Castrillo,acastrilloat@jalbum.net,Male,5
391,Rouvin,Dunster,rdunsterau@gmpg.org,Male,6
392,Davina,Bigmore,dbigmoreav@amazon.co.uk,Female,8
393,Farah,Gonneau,fgonneauaw@dell.com,Female,48
394,Kev,Godilington,kgodilingtonax@cmu.edu,Male,53
395,Stu,McCourt,smccourtay@ezinearticles.com,Male,59
396,Elden,Kenwyn,ekenwynaz@seesaa.net,Male,48
397,Laureen,Disbrow,ldisbrowb0@bbc.co.uk,Female,14
398,Sofie,Boyan,sboyanb1@yahoo.com,Female,24
399,Conway,Benam,cbenamb2@altervista.org,Male,57
400,Lorna,Wight,lwightb3@omniture.com,Female,68
401,Paulie,Bakesef,pbakesefb4@accuweather.com,Female,14
402,Haze,Paddell,hpaddellb5@rediff.com,Male,20
403,Mikol,Southan,msouthanb6@patch.com,Male,52
404,Matthus,Middlewick,mmiddlewickb7@list-manage.com,Male,11
405,Eydie,Dubbin,edubbinb8@discovery.com,Genderqueer,62
406,Ashely,Lamb,alambb9@cnn.com,Female,5
407,Nikki,Muller,nmullerba@behance.net,Male,9
408,Georges,Handrick,ghandrickbb@usda.gov,Male,11
409,Teodor,Romanelli,tromanellibc@storify.com,Male,1
410,Hoyt,Devon,hdevonbd@joomla.org,Male,25
411,Chery,Ludmann,cludmannbe@illinois.edu,Female,8
412,Valentine,Irving,virvingbf@uiuc.edu,Female,5
413,Tressa,Cabell,tcabellbg@sakura.ne.jp,Female,15
414,Nessy,Rothwell,nrothwellbh@cbc.ca,Female,4
415,Tildi,Normanell,tnormanellbi@mapy.cz,Female,25
416,Shari,Kelsall,skelsallbj@cnn.com,Female,27
417,Emmy,Husk,ehuskbk@npr.org,Female,13
418,Leese,Porker,lporkerbl@wordpress.com,Female,7
419,Kennie,Copson,kcopsonbm@virginia.edu,Bigender,68
420,Carlina,Adlington,cadlingtonbn@printfriendly.com,Female,64
421,Avrit,Downes,adownesbo@mozilla.org,Female,28
422,Gabriell,Prangley,gprangleybp@youku.com,Female,50
423,Briny,Cabrales,bcabralesbq@earthlink.net,Bigender,35
424,Harmonie,Worton,hwortonbr@canalblog.com,Female,33
425,Hermon,Reely,hreelybs@msn.com,Male,18
426,Rozella,Armes,rarmesbt@typepad.com,Female,9
427,Boyce,Bandiera,bbandierabu@woothemes.com,Male,21
428,Courtney,Schelle,cschellebv@de.vu,Agender,50
429,Farica,Florentine,fflorentinebw@arstechnica.com,Female,37
430,Elspeth,O'Donovan,eodonovanbx@msu.edu,Female,27
431,Maurene,Skyrme,mskyrmeby@answers.com,Genderqueer,19
432,Kahlil,Cleworth,kcleworthbz@tinyurl.com,Male,67
433,Joshia,Quadrio,jquadrioc0@mysql.com,Male,57
434,Anton,Cady,acadyc1@squidoo.com,Male,63
435,Diannne,Spiers,dspiersc2@foxnews.com,Agender,9
436,Faythe,Pochon,fpochonc3@umich.edu,Female,2
437,Abel,Lauxmann,alauxmannc4@pbs.org,Male,13
438,Giustina,Sarjent,gsarjentc5@aol.com,Female,3
439,Meghan,Rameau,mrameauc6@lulu.com,Genderqueer,63
440,Isabeau,Bradden,ibraddenc7@yolasite.com,Female,70
441,Reagen,Blatcher,rblatcherc8@reference.com,Male,17
442,Nannie,Castrillo,ncastrilloc9@theguardian.com,Female,28
443,Mercie,Brickham,mbrickhamca@oakley.com,Female,23
444,Barret,Innett,binnettcb@jimdo.com,Male,4
445,Byrann,Kepp,bkeppcc@theguardian.com,Male,11
446,Gaylene,Jelfs,gjelfscd@phpbb.com,Female,4
447,Jerad,Bustard,jbustardce@yellowpages.com,Male,31
448,Wallas,Hamor,whamorcf@reuters.com,Male,50
449,Moises,Ricco,mriccocg@yahoo.com,Male,52
450,Karil,Emmanuele,kemmanuelech@pagesperso-orange.fr,Female,29
451,Cassie,Longea,clongeaci@google.nl,Male,2
452,Vicki,Handling,vhandlingcj@reverbnation.com,Female,39
453,Florian,Petrushka,fpetrushkack@jalbum.net,Male,56
454,Nolly,Geraghty,ngeraghtycl@clickbank.net,Bigender,53
455,Danit,Lansberry,dlansberrycm@hc360.com,Bigender,35
456,Murdoch,Le Grove,mlegrovecn@squarespace.com,Male,38
457,Tommi,Yankin,tyankinco@xrea.com,Female,20
458,Nola,Craddock,ncraddockcp@netscape.com,Polygender,44
459,Burl,Mugg,bmuggcq@exblog.jp,Male,37
460,Eadie,Naerup,enaerupcr@state.gov,Female,5
461,Vikki,Howling,vhowlingcs@github.com,Female,24
462,Carmelle,Hazeup,chazeupct@hexun.com,Female,54
463,Nissie,Cossington,ncossingtoncu@shutterfly.com,Female,41
464,Maurene,Prestige,mprestigecv@mashable.com,Female,24
465,Remy,Yakolev,ryakolevcw@mlb.com,Female,45
466,Terence,Sexti,tsexticx@devhub.com,Non-binary,67
467,Maryrose,Sutty,msuttycy@4shared.com,Female,4
468,Micheil,Hudson,mhudsoncz@epa.gov,Non-binary,20
469,Marty,Croshaw,mcroshawd0@indiatimes.com,Male,57
470,Almire,McCullen,amccullend1@tumblr.com,Female,37
471,Adolphus,Wharram,awharramd2@ca.gov,Male,58
472,Jamima,Shoreman,jshoremand3@blinklist.com,Female,16
473,Bobbye,Manske,bmansked4@nih.gov,Female,32
474,Roselle,Hyett,rhyettd5@rakuten.co.jp,Female,57
475,Silvester,Scrancher,sscrancherd6@csmonitor.com,Male,63
476,Verney,Crewes,vcrewesd7@ft.com,Male,58
477,Robinet,Pelcheur,rpelcheurd8@trellian.com,Non-binary,35
478,Joanna,Harsnep,jharsnepd9@gov.uk,Female,64
479,Barbee,Randall,brandallda@sciencedirect.com,Female,35
480,Dolorita,Marcone,dmarconedb@ovh.net,Female,59
481,Dollie,Baylis,dbaylisdc@aol.com,Female,18
482,Giulio,Lowthorpe,glowthorpedd@nature.com,Male,67
483,Chicky,Westgarth,cwestgarthde@youku.com,Agender,38
484,Ramon,Barrell,rbarrelldf@topsy.com,Male,57
485,Paquito,Rawkesby,prawkesbydg@moonfruit.com,Male,11
486,Elwyn,Ogilvie,eogilviedh@ovh.net,Male,54
487,Adrian,Midden,amiddendi@sourceforge.net,Male,17
488,Marget,Steagall,msteagalldj@163.com,Female,58
489,Faunie,Teliga,fteligadk@umich.edu,Female,25
490,Tuckie,Pevie,tpeviedl@flavors.me,Male,48
491,Silvana,Gurley,sgurleydm@parallels.com,Female,56
492,Harmonia,Probet,hprobetdn@biglobe.ne.jp,Female,56
493,Carly,Brownsword,cbrownsworddo@washington.edu,Female,6
494,Reta,Tittershill,rtittershilldp@cornell.edu,Bigender,52
495,Sigvard,Breinl,sbreinldq@si.edu,Male,54
496,Vernen,Abbyss,vabbyssdr@blogtalkradio.com,Non-binary,7
497,Dasi,Wyleman,dwylemands@cyberchimps.com,Female,14
498,Johannah,Della Scala,jdellascaladt@shareasale.com,Female,1
499,Ferguson,Cust,fcustdu@accuweather.com,Male,47
500,Taite,Iban,tibandv@accuweather.com,Male,29
501,Edouard,Ionesco,eionescodw@over-blog.com,Male,33
502,Dyanna,Darlasson,ddarlassondx@ibm.com,Female,19
503,Nata,Kildale,nkildaledy@nydailynews.com,Female,58
504,Jared,Reinard,jreinarddz@i2i.jp,Male,32
505,Augustine,Bayle,abaylee0@ted.com,Male,10
506,Moise,Royden,mroydene1@vk.com,Male,67
507,Elicia,Lindback,elindbacke2@yahoo.co.jp,Female,30
508,Christiane,MacGillavery,cmacgillaverye3@businessinsider.com,Female,26
509,Ashleigh,Catling,acatlinge4@loc.gov,Female,43
510,Catlin,Simond,csimonde5@twitter.com,Female,19
511,Hillie,Wahncke,hwahnckee6@w3.org,Male,62
512,Koren,Durnall,kdurnalle7@spiegel.de,Genderfluid,1
513,Cherey,Pleming,cpleminge8@canalblog.com,Female,41
514,Freddie,Joffe,fjoffee9@aboutads.info,Male,46
515,Gilberta,Doumerque,gdoumerqueea@hostgator.com,Female,46
516,Rosalyn,Leavry,rleavryeb@de.vu,Female,67
517,Antoni,Bernette,abernetteec@bandcamp.com,Male,29
518,Kaitlynn,Prynne,kprynneed@archive.org,Female,4
519,Brody,Heifer,bheiferee@amazon.co.jp,Male,21
520,Garvy,Durtnell,gdurtnellef@friendfeed.com,Male,10
521,Gayle,Najara,gnajaraeg@cbslocal.com,Male,52
522,Kendall,Basley,kbasleyeh@goo.ne.jp,Male,45
523,Auroora,Clemitt,aclemittei@barnesandnoble.com,Female,19
524,Sarah,Glossup,sglossupej@feedburner.com,Female,60
525,Sally,Lau,slauek@phoca.cz,Female,63
526,Ardene,Angelini,aangeliniel@wikipedia.org,Female,17
527,Constantine,Tomson,ctomsonem@odnoklassniki.ru,Genderqueer,17
528,Benetta,Purseglove,bpursegloveen@webs.com,Female,64
529,Augusto,Purkis,apurkiseo@sohu.com,Male,30
530,Mariska,Philippart,mphilippartep@ftc.gov,Female,65
531,Johnette,Cereceres,jcerecereseq@feedburner.com,Female,47
532,Mathew,Luker,mlukerer@nsw.gov.au,Male,17
533,Beitris,McCrow,bmccrowes@tuttocitta.it,Female,28
534,Bernarr,Vischi,bvischiet@php.net,Male,64
535,Baxy,Annakin,bannakineu@unesco.org,Male,4
536,Neille,Sima,nsimaev@spotify.com,Female,25
537,Lowe,Stickney,lstickneyew@cnbc.com,Male,58
538,Renault,Gamlyn,rgamlynex@pen.io,Male,37
539,Nataniel,Dulieu,ndulieuey@bluehost.com,Male,13
540,Patrice,Clynter,pclynterez@unc.edu,Male,5
541,Phillip,Terrazzo,pterrazzof0@pcworld.com,Male,41
542,Nadine,Capron,ncapronf1@who.int,Female,3
543,Camel,Wardrop,cwardropf2@godaddy.com,Female,55
544,Maryl,Slinn,mslinnf3@sciencedaily.com,Female,51
545,Billy,Bulmer,bbulmerf4@dailymotion.com,Male,63
546,Stacee,Milesop,smilesopf5@microsoft.com,Male,51
547,Cherrita,Dabs,cdabsf6@chronoengine.com,Female,57
548,Brunhilda,Gillbee,bgillbeef7@shop-pro.jp,Female,55
549,Phillida,Colrein,pcolreinf8@cbsnews.com,Female,24
550,Michele,Dabner,mdabnerf9@webnode.com,Male,43
551,Brinn,Bentz,bbentzfa@prlog.org,Female,31
552,Claude,Bestwall,cbestwallfb@nature.com,Female,36
553,Nikoletta,Burles,nburlesfc@loc.gov,Female,32
554,Bard,Snoding,bsnodingfd@myspace.com,Male,57
555,Laural,Coghill,lcoghillfe@google.com.au,Female,39
556,Goddart,Reaney,greaneyff@digg.com,Male,40
557,Maureene,Cathersides,mcathersidesfg@phoca.cz,Female,62
558,Briggs,Streat,bstreatfh@ebay.com,Male,41
559,Johnna,Ellsbury,jellsburyfi@yellowpages.com,Non-binary,36
560,Liva,Sherebrook,lsherebrookfj@dedecms.com,Female,8
561,Elden,Muckleston,emucklestonfk@cam.ac.uk,Bigender,36
562,Betti,Eyeington,beyeingtonfl@washingtonpost.com,Female,14
563,Prudi,Wilfling,pwilflingfm@microsoft.com,Female,3
564,Gabriele,Cridge,gcridgefn@google.de,Male,59
565,Stepha,Keaves,skeavesfo@netvibes.com,Female,51
566,Isahella,Siaskowski,isiaskowskifp@arizona.edu,Female,18
567,Cece,Doidge,cdoidgefq@meetup.com,Polygender,11
568,Iver,Paige,ipaigefr@fda.gov,Agender,13
569,Dorri,Steele,dsteelefs@latimes.com,Female,4
570,Helaine,Aspray,hasprayft@msu.edu,Female,30
571,Chen,Raw,crawfu@princeton.edu,Male,24
572,Jazmin,Plows,jplowsfv@lycos.com,Bigender,31
573,Towney,Demeza,tdemezafw@dedecms.com,Male,45
574,Eirena,Derle,ederlefx@thetimes.co.uk,Female,67
575,Maggy,Radke,mradkefy@princeton.edu,Female,47
576,Tori,MacChaell,tmacchaellfz@google.fr,Female,18
577,Forest,Robertis,frobertisg0@scribd.com,Male,20
578,Anthea,Lazell,alazellg1@google.com,Female,17
579,Maximo,Flahive,mflahiveg2@over-blog.com,Male,18
580,Augusta,Sollon,asollong3@pbs.org,Female,46
581,Stevena,Woodfine,swoodfineg4@upenn.edu,Female,56
582,Terrijo,Brailsford,tbrailsfordg5@squarespace.com,Female,50
583,Leicester,McLenahan,lmclenahang6@is.gd,Non-binary,67
584,Danie,Benoy,dbenoyg7@hugedomains.com,Male,8
585,Riordan,Vanne,rvanneg8@vkontakte.ru,Male,43
586,Sher,Monteith,smonteithg9@mail.ru,Female,15
587,Vin,Hedditch,vhedditchga@accuweather.com,Female,2
588,Nevin,Binstead,nbinsteadgb@deviantart.com,Male,47
589,Maddy,Jablonski,mjablonskigc@dyndns.org,Male,29
590,Ax,De Ruel,aderuelgd@myspace.com,Male,26
591,Andrea,Faldo,afaldoge@cdc.gov,Male,43
592,Eugenius,Nell,enellgf@imgur.com,Male,14
593,Levon,LaBastida,llabastidagg@dion.ne.jp,Male,50
594,Devinne,McPhee,dmcpheegh@blog.com,Female,66
595,Ronny,Norledge,rnorledgegi@comsenz.com,Female,53
596,Dianne,Gantley,dgantleygj@wiley.com,Female,70
597,Estelle,Money,emoneygk@globo.com,Female,52
598,Care,Coalburn,ccoalburngl@nsw.gov.au,Male,15
599,Quentin,Haylands,qhaylandsgm@phoca.cz,Female,46
600,Luella,Giocannoni,lgiocannonign@surveymonkey.com,Female,30
601,Rozella,Molloy,rmolloygo@twitter.com,Female,12
602,Carol,Scone,csconegp@youtube.com,Female,18
603,Pen,Battison,pbattisongq@theatlantic.com,Female,20
604,Ania,Krier,akriergr@elpais.com,Female,12
605,Rosmunda,Boatman,rboatmangs@yandex.ru,Female,30
606,Verna,Hastie,vhastiegt@utexas.edu,Female,67
607,Nealy,Maile,nmailegu@devhub.com,Male,62
608,Leroy,Whiley,lwhileygv@apple.com,Male,17
609,Cherilyn,Grigoletti,cgrigolettigw@last.fm,Polygender,39
610,Pierre,Perchard,pperchardgx@ihg.com,Male,63
611,Conchita,Thandi,cthandigy@indiatimes.com,Female,63
612,Korney,Byrde,kbyrdegz@npr.org,Female,40
613,Elsi,Brookz,ebrookzh0@360.cn,Female,49
614,Carmelina,Gaffey,cgaffeyh1@addtoany.com,Female,22
615,Tedda,Landman,tlandmanh2@digg.com,Female,67
616,Hersch,Appleyard,happleyardh3@wiley.com,Male,48
617,Jerad,Godain,jgodainh4@merriam-webster.com,Male,26
618,Vania,Romand,vromandh5@cargocollective.com,Polygender,13
619,Guntar,Savil,gsavilh6@nymag.com,Male,23
620,Lanny,Summerbell,lsummerbellh7@ihg.com,Female,1
621,Andreas,Harvett,aharvetth8@cam.ac.uk,Male,18
622,Haze,Dyshart,hdysharth9@stanford.edu,Male,62
623,Zebulon,Huxtable,zhuxtableha@netscape.com,Male,34
624,Meaghan,Dot,mdothb@pagesperso-orange.fr,Female,66
625,Tull,Cheng,tchenghc@dell.com,Male,10
626,Orville,Gourlie,ogourliehd@sohu.com,Male,15
627,Sander,Wash,swashhe@w3.org,Male,31
628,Frankie,Rapps,frappshf@mashable.com,Male,36
629,Domini,Tokley,dtokleyhg@yahoo.co.jp,Female,3
630,Janaye,Rebert,jreberthh@meetup.com,Agender,16
631,Nari,Pendry,npendryhi@mapquest.com,Female,13
632,Norri,Sparling,nsparlinghj@intel.com,Female,70
633,Shae,Milsted,smilstedhk@geocities.jp,Male,27
634,Toddy,Marin,tmarinhl@japanpost.jp,Male,9
635,Christoforo,Sterricker,csterrickerhm@google.nl,Male,59
636,Abra,Lougheed,alougheedhn@buzzfeed.com,Female,43
637,Rowney,Kingzett,rkingzettho@youtube.com,Male,63
638,Willie,Thebeaud,wthebeaudhp@twitter.com,Male,41
639,Malia,Rohfsen,mrohfsenhq@bandcamp.com,Female,65
640,Nelly,Crutchley,ncrutchleyhr@mit.edu,Female,57
641,Lemuel,Vance,lvancehs@canalblog.com,Male,66
642,Maryjo,Paterno,mpaternoht@home.pl,Female,57
643,Conway,Lebond,clebondhu@slideshare.net,Male,60
644,Dottie,Leverage,dleveragehv@simplemachines.org,Female,18
645,Kincaid,Gavozzi,kgavozzihw@time.com,Male,12
646,Bryce,Kirkwood,bkirkwoodhx@squarespace.com,Male,36
647,Colly,Macartney,cmacartneyhy@redcross.org,Female,4
648,Lizzy,Newland,lnewlandhz@google.es,Female,8
649,Tristam,Linskill,tlinskilli0@t-online.de,Male,35
650,Mattie,Nanuccioi,mnanuccioii1@hc360.com,Male,63
651,Lucina,Ravillas,lravillasi2@wix.com,Female,2
652,Meris,Brunel,mbruneli3@nytimes.com,Female,39
653,Salome,Bickers,sbickersi4@mozilla.com,Female,34
654,Darsey,Pledger,dpledgeri5@usatoday.com,Genderqueer,29
655,Hebert,Mylan,hmylani6@a8.net,Male,69
656,Torin,Ezzle,tezzlei7@spotify.com,Polygender,47
657,Rayner,Ragless,rraglessi8@opera.com,Male,20
658,Mervin,Grevel,mgreveli9@homestead.com,Male,55
659,Salome,Kroll,skrollia@cdbaby.com,Polygender,43
660,Maureen,Smalcombe,msmalcombeib@jimdo.com,Female,18
661,Dell,Pigott,dpigottic@jimdo.com,Male,14
662,Ainslie,Ferruzzi,aferruzziid@ox.ac.uk,Female,6
663,Ameline,Oriel,aorielie@baidu.com,Female,56
664,Miranda,Nicholson,mnicholsonif@narod.ru,Female,70
665,Vassily,Crollman,vcrollmanig@cafepress.com,Male,1
666,Urbain,Lassell,ulassellih@opera.com,Male,50
667,Halli,Bellay,hbellayii@indiatimes.com,Female,42
668,Sissie,Cesconi,scesconiij@webeden.co.uk,Female,20
669,Chicky,Coller,ccollerik@t.co,Male,22
670,Arnie,Eivers,aeiversil@cdbaby.com,Male,44
671,Mildrid,Armsden,marmsdenim@forbes.com,Female,44
672,Rhianon,Roman,rromanin@shutterfly.com,Female,22
673,Janette,Pemble,jpembleio@seesaa.net,Female,16
674,Amos,Beachamp,abeachampip@topsy.com,Male,15
675,Herb,Endrici,hendriciiq@discovery.com,Male,25
676,Shana,Brigdale,sbrigdaleir@plala.or.jp,Female,10
677,Maud,Gulston,mgulstonis@geocities.com,Female,27
678,Skip,Willox,swilloxit@sun.com,Male,9
679,Ambros,Jakobssen,ajakobsseniu@japanpost.jp,Male,47
680,Ophelia,Brunelli,obrunelliiv@furl.net,Female,24
681,Svend,Lorkings,slorkingsiw@domainmarket.com,Male,40
682,Hallsy,Kittle,hkittleix@nationalgeographic.com,Male,20
683,Gabe,Brushneen,gbrushneeniy@disqus.com,Male,10
684,Clemmy,Croson,ccrosoniz@illinois.edu,Male,19
685,Amberly,Braine,abrainej0@google.com.hk,Female,58
686,Winna,MacGowan,wmacgowanj1@bluehost.com,Female,59
687,Demetrius,Bisatt,dbisattj2@whitehouse.gov,Male,64
688,Demetria,Admans,dadmansj3@businessweek.com,Female,6
689,Allard,Guest,aguestj4@geocities.com,Male,2
690,Ximenes,Fardoe,xfardoej5@blog.com,Male,11
691,Colin,Petett,cpetettj6@twitter.com,Male,9
692,Gertrude,Edgworth,gedgworthj7@qq.com,Female,52
693,Melodee,Gilson,mgilsonj8@stumbleupon.com,Female,10
694,Trip,Brauner,tbraunerj9@yolasite.com,Male,67
695,Tamarah,Roomes,troomesja@state.tx.us,Female,62
696,Witty,Quayle,wquaylejb@gravatar.com,Male,42
697,Dougie,Gass,dgassjc@geocities.com,Male,61
698,Roderic,Skirling,rskirlingjd@forbes.com,Male,22
699,Bronny,Mose,bmoseje@reverbnation.com,Male,59
700,Gaultiero,Horche,ghorchejf@yahoo.co.jp,Genderqueer,3
701,Donavon,Parncutt,dparncuttjg@cocolog-nifty.com,Non-binary,53
702,Lorne,Skermer,lskermerjh@netvibes.com,Male,65
703,Josepha,Lawrenz,jlawrenzji@free.fr,Female,15
704,Brion,Duckit,bduckitjj@paginegialle.it,Male,5
705,Candis,Jay,cjayjk@ehow.com,Female,1
706,Ainsley,Moncey,amonceyjl@example.com,Genderfluid,18
707,Maiga,Ivushkin,mivushkinjm@shinystat.com,Female,53
708,Tracey,Beneyto,tbeneytojn@paginegialle.it,Male,22
709,Antony,Metcalf,ametcalfjo@seattletimes.com,Male,8
710,Kain,Jursch,kjurschjp@ovh.net,Male,52
711,Walsh,Costellow,wcostellowjq@npr.org,Male,10
712,Renault,Esley,resleyjr@msu.edu,Male,3
713,Celine,Laidler,claidlerjs@marriott.com,Female,65
714,Edith,Balassi,ebalassijt@bloomberg.com,Female,8
715,Jamie,Ruprich,jruprichju@chron.com,Female,19
716,Anders,Dassindale,adassindalejv@oaic.gov.au,Male,49
717,Dannel,Rosbotham,drosbothamjw@yahoo.com,Male,37
718,Rudy,Roon,rroonjx@wisc.edu,Male,43
719,Basilius,Humblestone,bhumblestonejy@goodreads.com,Male,29
720,Richie,Streak,rstreakjz@rediff.com,Male,66
721,Frayda,Britney,fbritneyk0@hugedomains.com,Genderqueer,55
722,Bree,Grane,bgranek1@nih.gov,Female,50
723,Audie,Mussard,amussardk2@ning.com,Female,44
724,Dione,Durrett,ddurrettk3@ucoz.ru,Female,7
725,Magdalena,Eatherton,meathertonk4@ucla.edu,Female,19
726,Antonio,Axtens,aaxtensk5@virginia.edu,Male,44
727,Glynnis,Giacobbo,ggiacobbok6@cpanel.net,Polygender,22
728,Claudetta,Bednell,cbednellk7@theglobeandmail.com,Female,24
729,Henry,Fullard,hfullardk8@pagesperso-orange.fr,Bigender,57
730,Pamelina,Lunnon,plunnonk9@answers.com,Female,34
731,Vinnie,Klus,vkluska@yandex.ru,Male,8
732,Roxi,Bourner,rbournerkb@pbs.org,Female,41
733,Nicholle,Horwell,nhorwellkc@qq.com,Female,29
734,Trip,Moseby,tmosebykd@soup.io,Agender,32
735,Malchy,Jeacop,mjeacopke@businessweek.com,Genderqueer,49
736,Chantalle,Bamber,cbamberkf@npr.org,Non-binary,70
737,Guntar,Chittenden,gchittendenkg@seattletimes.com,Bigender,69
738,Clayborn,Croisdall,ccroisdallkh@boston.com,Male,69
739,Golda,Cawsy,gcawsyki@hostgator.com,Female,33
740,Kelci,Pinsent,kpinsentkj@cbsnews.com,Female,38
741,Harold,Gaskell,hgaskellkk@businessweek.com,Male,8
742,Johan,Gerardet,jgerardetkl@rakuten.co.jp,Male,37
743,Theodora,Lowde,tlowdekm@pen.io,Female,31
744,Storm,Wooster,swoosterkn@sfgate.com,Female,17
745,Sigrid,Espley,sespleyko@abc.net.au,Female,66
746,Dill,Uzielli,duziellikp@wordpress.com,Male,6
747,Katey,Bilton,kbiltonkq@eepurl.com,Female,49
748,Sherwynd,Cockney,scockneykr@arstechnica.com,Male,18
749,Tadeo,Diggle,tdiggleks@clickbank.net,Male,36
750,Vida,Cheeke,vcheekekt@yellowbook.com,Female,49
751,Tracey,Petrowsky,tpetrowskyku@csmonitor.com,Male,8
752,Ted,Record,trecordkv@fda.gov,Male,29
753,Edlin,Orsay,eorsaykw@biblegateway.com,Male,10
754,Jules,Nelligan,jnelligankx@technorati.com,Male,4
755,Kessiah,Hannant,khannantky@odnoklassniki.ru,Female,69
756,Marjorie,Warrilow,mwarrilowkz@oaic.gov.au,Female,53
757,Adham,Asser,aasserl0@washingtonpost.com,Male,13
758,Madeline,Norfolk,mnorfolkl1@freewebs.com,Female,1
759,Marissa,Broadwell,mbroadwelll2@constantcontact.com,Female,70
760,Inglebert,Buckby,ibuckbyl3@fda.gov,Male,11
761,Brannon,Joblin,bjoblinl4@1und1.de,Male,25
762,Sigfried,Kearney,skearneyl5@sciencedaily.com,Male,43
763,Cody,Rohlf,crohlfl6@homestead.com,Male,55
764,Jamal,Crus,jcrusl7@ameblo.jp,Male,36
765,Rory,Yirrell,ryirrelll8@myspace.com,Female,38
766,Hobey,Edwicke,hedwickel9@alexa.com,Male,13
767,Johnathan,Voss,jvossla@ocn.ne.jp,Male,46
768,Amabelle,Semorad,asemoradlb@twitter.com,Female,4
769,Dorian,Soitoux,dsoitouxlc@bandcamp.com,Male,18
770,Mercy,Kesey,mkeseyld@unblog.fr,Female,37
771,Rudolf,Schankel,rschankelle@domainmarket.com,Male,3
772,Jannelle,Itzchaky,jitzchakylf@twitpic.com,Female,30
773,Benn,Guarin,bguarinlg@imgur.com,Male,47
774,Jenelle,Jahnel,jjahnellh@spotify.com,Female,4
775,Gene,Di Filippo,gdifilippoli@kickstarter.com,Male,69
776,Rodrick,Dawidowitz,rdawidowitzlj@jiathis.com,Male,29
777,Foster,June,fjunelk@sakura.ne.jp,Genderfluid,32
778,Dniren,Peek,dpeekll@google.ru,Bigender,3
779,Cooper,Steynor,csteynorlm@seesaa.net,Male,36
780,Cheston,Levis,clevisln@ovh.net,Male,26
781,Carolann,Conaghy,cconaghylo@geocities.com,Female,14
782,Darlleen,Gage,dgagelp@vkontakte.ru,Female,46
783,Analise,Siggens,asiggenslq@unicef.org,Female,64
784,Jody,Olijve,jolijvelr@paypal.com,Male,70
785,Gayla,Pitone,gpitonels@dailymail.co.uk,Female,32
786,Perceval,Le Sarr,plesarrlt@vkontakte.ru,Male,16
787,Nicko,Casillis,ncasillislu@opera.com,Male,16
788,Quinn,Simonot,qsimonotlv@purevolume.com,Female,41
789,Torrin,Speere,tspeerelw@csmonitor.com,Male,30
790,Niall,Ansill,nansilllx@paypal.com,Agender,25
791,Ketti,Tavener,ktavenerly@mashable.com,Female,70
792,Gael,Reeders,greederslz@wikispaces.com,Male,13
793,Berny,Sawney,bsawneym0@deliciousdays.com,Female,13
794,Rodney,Hague,rhaguem1@acquirethisname.com,Male,62
795,Jessey,Lambrecht,jlambrechtm2@ask.com,Male,35
796,Aldrich,Prestwich,aprestwichm3@ca.gov,Male,58
797,Mozelle,Wraggs,mwraggsm4@guardian.co.uk,Female,11
798,Daisi,Blasius,dblasiusm5@phoca.cz,Female,30
799,Carlynn,Duval,cduvalm6@fotki.com,Female,61
800,Paulita,Iglesiaz,piglesiazm7@cornell.edu,Female,16
801,Ophelia,Dyter,odyterm8@cdbaby.com,Female,10
802,Lilith,Tarte,ltartem9@google.com.hk,Female,15
803,Ursulina,Kidby,ukidbyma@amazon.co.jp,Female,14
804,Jarvis,Walling,jwallingmb@printfriendly.com,Male,21
805,Georgeanne,Kopke,gkopkemc@xrea.com,Female,68
806,Ferdy,Franciskiewicz,ffranciskiewiczmd@ask.com,Male,21
807,Raquela,Daout,rdaoutme@sciencedaily.com,Female,56
808,Franzen,Beswell,fbeswellmf@soundcloud.com,Male,61
809,Fern,Cron,fcronmg@abc.net.au,Female,12
810,Myrle,Edkins,medkinsmh@comcast.net,Female,47
811,Oralie,Sparks,osparksmi@businessinsider.com,Female,52
812,Sunny,Duce,sducemj@cmu.edu,Male,26
813,Kimball,Arens,karensmk@freewebs.com,Male,27
814,Glennis,Turneaux,gturneauxml@mysql.com,Female,60
815,Joy,Fishenden,jfishendenmm@msn.com,Bigender,19
816,Alyse,Bridgewood,abridgewoodmn@vk.com,Female,23
817,Lira,Conti,lcontimo@nature.com,Female,22
818,Nicolina,Wollard,nwollardmp@samsung.com,Female,9
819,Odella,Woolens,owoolensmq@google.fr,Polygender,60
820,Milena,Kix,mkixmr@unicef.org,Female,29
821,Harv,Mogridge,hmogridgems@joomla.org,Bigender,12
822,Mariam,Gregoletti,mgregolettimt@ebay.com,Female,27
823,Claudian,Hughman,chughmanmu@nba.com,Male,4
824,Nicol,Ewens,newensmv@dell.com,Female,34
825,Antonella,Bisp,abispmw@theguardian.com,Female,8
826,Tallulah,Crutch,tcrutchmx@ebay.co.uk,Female,59
827,Florrie,Drewes,fdrewesmy@privacy.gov.au,Female,46
828,Dorine,Marklin,dmarklinmz@time.com,Female,54
829,Stormie,Grubey,sgrubeyn0@opensource.org,Female,46
830,Braden,Huonic,bhuonicn1@zdnet.com,Male,44
831,Ethel,Housecraft,ehousecraftn2@addthis.com,Female,50
832,Chlo,Stiddard,cstiddardn3@theatlantic.com,Female,55
833,Natala,Biernacki,nbiernackin4@utexas.edu,Female,34
834,Burke,Bauduccio,bbauduccion5@angelfire.com,Male,28
835,Richmond,Dumbar,rdumbarn6@wunderground.com,Male,12
836,Saidee,Josefowicz,sjosefowiczn7@ameblo.jp,Female,23
837,Renell,Sims,rsimsn8@hatena.ne.jp,Female,54
838,Jedediah,Bendelow,jbendelown9@sitemeter.com,Male,12
839,Ulla,Elsay,uelsayna@google.co.jp,Female,19
840,Brucie,Quelch,bquelchnb@ucoz.ru,Male,30
841,Chloe,Livick,clivicknc@about.me,Female,23
842,Jude,Adacot,jadacotnd@loc.gov,Male,30
843,Victoria,Berrecloth,vberreclothne@photobucket.com,Female,29
844,Caressa,Yurchenko,cyurchenkonf@histats.com,Female,63
845,Alvy,Shutle,ashutleng@yale.edu,Male,36
846,Irina,Jenoure,ijenourenh@devhub.com,Female,18
847,Howey,Marr,hmarrni@kickstarter.com,Male,65
848,Georgine,Handslip,ghandslipnj@nytimes.com,Female,41
849,Nedda,Kindle,nkindlenk@elpais.com,Female,17
850,Corella,Grogono,cgrogononl@ebay.com,Female,17
851,Hermie,Goullee,hgoulleenm@wikipedia.org,Male,58
852,Jasmina,Dewer,jdewernn@chron.com,Polygender,37
853,Dyna,Ulyatt,dulyattno@google.ru,Non-binary,15
854,Trudi,Castanaga,tcastanaganp@google.com.hk,Female,8
855,Delcine,Franc,dfrancnq@webs.com,Female,59
856,Joellen,Eakley,jeakleynr@psu.edu,Female,67
857,Shandeigh,Stolte,sstoltens@squarespace.com,Female,12
858,Salomon,O'Regan,soregannt@apache.org,Male,70
859,Jilleen,Wagnerin,jwagnerinnu@yahoo.co.jp,Female,23
860,Rorie,De la Barre,rdelabarrenv@omniture.com,Bigender,67
861,Rebekkah,Bedborough,rbedboroughnw@4shared.com,Female,65
862,Bil,Knuckles,bknucklesnx@illinois.edu,Male,28
863,Gerek,Muress,gmuressny@1688.com,Male,17
864,Marlyn,Warrilow,mwarrilownz@howstuffworks.com,Female,12
865,Granny,Rylands,grylandso0@clickbank.net,Male,58
866,Consuelo,Guarin,cguarino1@bluehost.com,Female,60
867,Mariellen,Husselbee,mhusselbeeo2@newyorker.com,Female,59
868,Ashlin,Simakov,asimakovo3@networksolutions.com,Male,46
869,Omero,Alfonsetto,oalfonsettoo4@stumbleupon.com,Male,17
870,Gayelord,Kilkenny,gkilkennyo5@w3.org,Male,6
871,Fanny,Bavridge,fbavridgeo6@netscape.com,Female,53
872,Morgana,Penzer,mpenzero7@opera.com,Female,13
873,Hort,Zahor,hzahoro8@dyndns.org,Male,34
874,Sky,Emtage,semtageo9@dot.gov,Male,12
875,Bobbee,Mouget,bmougetoa@who.int,Female,22
876,Chariot,Crunkhorn,ccrunkhornob@virginia.edu,Male,68
877,Deerdre,Cundy,dcundyoc@timesonline.co.uk,Female,30
878,Jasmin,Critchell,jcritchellod@networksolutions.com,Female,36
879,Calv,Aire,caireoe@sphinn.com,Genderqueer,2
880,Violette,McIlherran,vmcilherranof@ibm.com,Bigender,4
881,Thornton,Vaszoly,tvaszolyog@archive.org,Male,47
882,Wayland,Pittem,wpittemoh@yahoo.co.jp,Genderfluid,27
883,Beauregard,Fevers,bfeversoi@360.cn,Male,33
884,Maurene,Ollis,mollisoj@blinklist.com,Agender,33
885,Linnie,Franies,lfraniesok@issuu.com,Bigender,58
886,Lewie,Brunel,lbrunelol@example.com,Male,9
887,Shani,Husher,shusherom@free.fr,Female,52
888,Hewitt,Bodicum,hbodicumon@nature.com,Male,24
889,Jermayne,Theseira,jtheseiraoo@sogou.com,Male,46
890,Mitzi,Vallentin,mvallentinop@bloglines.com,Female,37
891,Rosalinde,Powers,rpowersoq@phpbb.com,Female,56
892,Elbert,Scurfield,escurfieldor@webeden.co.uk,Male,5
893,Blancha,MacSweeney,bmacsweeneyos@guardian.co.uk,Female,30
894,Ulrick,Maddin,umaddinot@examiner.com,Male,36
895,Renee,De Minico,rdeminicoou@globo.com,Female,21
896,Christian,Dunster,cdunsterov@booking.com,Male,28
897,Goldia,Crehan,gcrehanow@1688.com,Female,36
898,Audrie,Tiddy,atiddyox@statcounter.com,Female,57
899,Agace,Scarlin,ascarlinoy@prlog.org,Bigender,19
900,Oriana,Chell,ochelloz@shutterfly.com,Polygender,45
901,Chas,Yonge,cyongep0@bigcartel.com,Male,4
902,Ddene,Maplethorpe,dmaplethorpep1@blog.com,Polygender,55
903,Nettle,Derry,nderryp2@163.com,Female,2
904,Allyn,MacGragh,amacgraghp3@java.com,Female,19
905,Kurtis,Cabotto,kcabottop4@amazon.co.jp,Male,25
906,Luce,Gianasi,lgianasip5@wordpress.com,Male,49
907,Annaliese,Gietz,agietzp6@tinypic.com,Polygender,32
908,Elisha,Wanderschek,ewanderschekp7@gravatar.com,Male,27
909,Muire,Bliss,mblissp8@walmart.com,Female,53
910,Kile,Allder,kallderp9@issuu.com,Male,17
911,Neil,Gocke,ngockepa@google.co.jp,Agender,58
912,Myrtia,Ackerley,mackerleypb@seesaa.net,Female,64
913,Lorain,Hebborn,lhebbornpc@4shared.com,Female,64
914,Rosalyn,McKay,rmckaypd@icio.us,Female,39
915,Candida,Newport,cnewportpe@instagram.com,Female,50
916,Hanan,Lawden,hlawdenpf@cocolog-nifty.com,Male,42
917,Devina,Bice,dbicepg@virginia.edu,Female,12
918,Bird,Panchin,bpanchinph@photobucket.com,Female,40
919,Vina,Simnel,vsimnelpi@example.com,Female,24
920,Stinky,Guswell,sguswellpj@sitemeter.com,Male,16
921,Lotti,Anniwell,lanniwellpk@pinterest.com,Female,43
922,Neddie,Harroway,nharrowaypl@gmpg.org,Male,25
923,Evelin,Farherty,efarhertypm@w3.org,Male,63
924,Konrad,Vasyunkin,kvasyunkinpn@yolasite.com,Male,2
925,Karalee,Stanford,kstanfordpo@loc.gov,Female,27
926,Lolly,Corcut,lcorcutpp@i2i.jp,Female,12
927,Cordelia,Astbury,castburypq@woothemes.com,Female,41
928,Jedidiah,Smoote,jsmootepr@flavors.me,Male,3
929,Carmela,Stansbury,cstansburyps@abc.net.au,Female,50
930,Coralyn,Gowland,cgowlandpt@gravatar.com,Female,33
931,Vivien,Vasilyev,vvasilyevpu@examiner.com,Female,66
932,Griswold,Di Maria,gdimariapv@behance.net,Male,66
933,Stephanie,Jerger,sjergerpw@ustream.tv,Female,33
934,Niki,Sauvage,nsauvagepx@google.it,Agender,6
935,Clayborn,Sandbatch,csandbatchpy@weebly.com,Male,48
936,Damara,Kunrad,dkunradpz@cbc.ca,Female,66
937,Rick,Mardling,rmardlingq0@google.com.br,Male,6
938,Carlos,Jenton,cjentonq1@squidoo.com,Male,31
939,Neil,Sawfoot,nsawfootq2@cnet.com,Male,15
940,Kamila,Lambart,klambartq3@ovh.net,Female,29
941,Marylou,Foffano,mfoffanoq4@stanford.edu,Polygender,46
942,Vikky,Bonas,vbonasq5@mediafire.com,Female,12
943,Chevy,Quilligan,cquilliganq6@artisteer.com,Male,28
944,Briant,Burchatt,bburchattq7@ebay.co.uk,Male,62
945,Corby,Dwight,cdwightq8@cnn.com,Male,24
946,Zak,Jovicic,zjovicicq9@bizjournals.com,Male,52
947,Micky,Ramsell,mramsellqa@nationalgeographic.com,Male,52
948,Whit,Thieme,wthiemeqb@imdb.com,Male,9
949,Gaven,Hargey,ghargeyqc@howstuffworks.com,Male,42
950,Juline,Tessington,jtessingtonqd@angelfire.com,Female,16
951,Muriel,Storah,mstorahqe@uiuc.edu,Genderqueer,10
952,Sol,Girsch,sgirschqf@scribd.com,Male,15
953,Piotr,Crust,pcrustqg@webeden.co.uk,Male,11
954,Alex,Stephen,astephenqh@mysql.com,Female,38
955,Branden,Michell,bmichellqi@irs.gov,Male,40
956,Bard,Millyard,bmillyardqj@fda.gov,Male,43
957,Dannel,Gascoine,dgascoineqk@amazon.co.uk,Male,63
958,Darnell,Tracey,dtraceyql@example.com,Male,9
959,Pris,Juschka,pjuschkaqm@foxnews.com,Female,62
960,Bat,Glewe,bgleweqn@cdc.gov,Male,16
961,Alexei,Landon,alandonqo@istockphoto.com,Male,64
962,Remington,Hargrove,rhargroveqp@skyrock.com,Male,50
963,Sileas,Epgrave,sepgraveqq@slideshare.net,Female,61
964,Lizette,Westfield,lwestfieldqr@nsw.gov.au,Female,20
965,Constantia,Blaksland,cblakslandqs@seesaa.net,Female,37
966,Anet,Ionnisian,aionnisianqt@parallels.com,Polygender,46
967,Chane,Scrowby,cscrowbyqu@spotify.com,Male,48
968,Tiffi,Crowcombe,tcrowcombeqv@taobao.com,Genderfluid,10
969,Sisely,Boyer,sboyerqw@dailymotion.com,Female,26
970,Julie,Di Francesco,jdifrancescoqx@wordpress.com,Female,30
971,Hulda,Hellard,hhellardqy@freewebs.com,Female,24
972,Adria,Burdis,aburdisqz@dyndns.org,Female,15
973,Frederik,Koppens,fkoppensr0@oakley.com,Male,69
974,Luis,Courtliff,lcourtliffr1@goo.ne.jp,Male,57
975,Irv,Blincowe,iblincower2@state.tx.us,Male,66
976,Wilfrid,Baptista,wbaptistar3@cam.ac.uk,Male,48
977,Flinn,Maxweell,fmaxweellr4@aol.com,Male,6
978,Willa,Slyford,wslyfordr5@washington.edu,Female,18
979,Jeana,Lampert,jlampertr6@devhub.com,Polygender,66
980,Brandais,Mincini,bmincinir7@dropbox.com,Female,61
981,Marchall,Partleton,mpartletonr8@linkedin.com,Male,63
982,Estrellita,Sirr,esirrr9@nydailynews.com,Female,43
983,Nolan,Dailey,ndaileyra@google.ca,Male,12
984,Melvin,Lawton,mlawtonrb@blogger.com,Male,48
985,Cosette,Oldcote,coldcoterc@discovery.com,Female,52
986,Dickie,Waplinton,dwaplintonrd@blogs.com,Male,45
987,Christy,Fullilove,cfullilovere@boston.com,Female,2
988,Curtis,Buckner,cbucknerrf@php.net,Male,26
989,Evangelina,Macias,emaciasrg@godaddy.com,Female,7
990,Waneta,Beslier,wbeslierrh@house.gov,Female,34
991,Rycca,Moulsdall,rmoulsdallri@ustream.tv,Agender,19
992,Hurlee,Tabbernor,htabbernorrj@reverbnation.com,Male,70
993,Cyndi,Matuszewski,cmatuszewskirk@scribd.com,Genderqueer,10
994,Anna-diana,De Metz,ademetzrl@bloglines.com,Female,49
995,Jelene,Mackie,jmackierm@infoseek.co.jp,Female,50
996,Gail,Wallach,gwallachrn@techcrunch.com,Male,35
997,Loralie,Jozwiak,ljozwiakro@sina.com.cn,Female,7
998,Andris,Cubley,acubleyrp@lycos.com,Male,54
999,Van,Leynham,vleynhamrq@forbes.com,Male,10
1000,Kakalina,Marham,kmarhamrr@indiegogo.com,Female,15
